id,idAislamiento,Tipo,Resultado
3feb8117-d0da-11f0-9ba0-fc3fdb83b633,322f8bd0-d0da-11f0-9ba0-fc3fdb83b633,ICBG-R21/OTHER: INHIBIT KINASE TRANSLOCATION,VERDADERO-A
3fee67d1-d0da-11f0-9ba0-fc3fdb83b633,3314bff4-d0da-11f0-9ba0-fc3fdb83b633,ICBG-R21/ANTI-BACTERIAL,3-A
3ff28183-d0da-11f0-9ba0-fc3fdb83b633,33e07f5e-d0da-11f0-9ba0-fc3fdb83b633,ICBG-R21/OTHER: INHIBIT KINASE TRANSLOCATION,VERDADERO-A
3ff29a65-d0da-11f0-9ba0-fc3fdb83b633,33e47f90-d0da-11f0-9ba0-fc3fdb83b633,ICBG-R21/OTHER: INHIBIT KINASE TRANSLOCATION,VERDADERO-A
3ff3b195-d0da-11f0-9ba0-fc3fdb83b633,33fac7bd-d0da-11f0-9ba0-fc3fdb83b633,ICBG-R21/OTHER: INHIBIT KINASE TRANSLOCATION,VERDADERO-A
3ff3b835-d0da-11f0-9ba0-fc3fdb83b633,33fb62b6-d0da-11f0-9ba0-fc3fdb83b633,ICBG-R21/OTHER: INHIBIT KINASE TRANSLOCATION,VERDADERO-A
3ff3c7af-d0da-11f0-9ba0-fc3fdb83b633,33fcd121-d0da-11f0-9ba0-fc3fdb83b633,ICBG-R21/OTHER: INHIBIT KINASE TRANSLOCATION,VERDADERO-A
3ff44b3c-d0da-11f0-9ba0-fc3fdb83b633,34061865-d0da-11f0-9ba0-fc3fdb83b633,ICBG-R21/OTHER: INHIBIT KINASE TRANSLOCATION,VERDADERO-A
3ff56fec-d0da-11f0-9ba0-fc3fdb83b633,341bcf03-d0da-11f0-9ba0-fc3fdb83b633,ICBG-R21/OTHER: INHIBIT KINASE TRANSLOCATION,VERDADERO-A
3ff77eb6-d0da-11f0-9ba0-fc3fdb83b633,34371338-d0da-11f0-9ba0-fc3fdb83b633,ICBG-R21/OTHER: INHIBIT KINASE TRANSLOCATION,VERDADERO-A
3ff81eca-d0da-11f0-9ba0-fc3fdb83b633,3447e56b-d0da-11f0-9ba0-fc3fdb83b633,ICBG-R21/OTHER: CELL DIVISION,2-A
3ff8818e-d0da-11f0-9ba0-fc3fdb83b633,34523891-d0da-11f0-9ba0-fc3fdb83b633,ICBG-R21/OTHER: INHIBIT KINASE TRANSLOCATION,VERDADERO-A
3ff8b34f-d0da-11f0-9ba0-fc3fdb83b633,345856fa-d0da-11f0-9ba0-fc3fdb83b633,ICBG-R21/OTHER: INHIBIT KINASE TRANSLOCATION,VERDADERO-A
3ffb285d-d0da-11f0-9ba0-fc3fdb83b633,3495f0f6-d0da-11f0-9ba0-fc3fdb83b633,ICBG-R21/OTHER: INHIBIT KINASE TRANSLOCATION,VERDADERO-A
3ffb5124-d0da-11f0-9ba0-fc3fdb83b633,34992886-d0da-11f0-9ba0-fc3fdb83b633,ICBG-R21/OTHER: INHIBIT KINASE TRANSLOCATION,VERDADERO-A
3ffd1deb-d0da-11f0-9ba0-fc3fdb83b633,34bacce9-d0da-11f0-9ba0-fc3fdb83b633,ICBG-R21/ANTI-VIRAL_NO_HIV,3-A
4002d047-d0da-11f0-9ba0-fc3fdb83b633,3523ebac-d0da-11f0-9ba0-fc3fdb83b633,ICBG-R21/OTHER: INHIBIT DNA REPLICATION,3-A
4002d4e7-d0da-11f0-9ba0-fc3fdb83b633,352432d1-d0da-11f0-9ba0-fc3fdb83b633,ICBG-R21/ANTI-BACTERIAL,3-A
40035a7b-d0da-11f0-9ba0-fc3fdb83b633,352eabe3-d0da-11f0-9ba0-fc3fdb83b633,ICBG-R21/OTHER: INHIBIT KINASE TRANSLOCATION,VERDADERO-A
400360f5-d0da-11f0-9ba0-fc3fdb83b633,352f3775-d0da-11f0-9ba0-fc3fdb83b633,ICBG-R21/OTHER: INHIBIT KINASE TRANSLOCATION,VERDADERO-A
40038258-d0da-11f0-9ba0-fc3fdb83b633,353246ce-d0da-11f0-9ba0-fc3fdb83b633,ICBG-R21/OTHER: INHIBIT KINASE TRANSLOCATION,VERDADERO-A
40038bc9-d0da-11f0-9ba0-fc3fdb83b633,3533153d-d0da-11f0-9ba0-fc3fdb83b633,ICBG-R21/OTHER: INHIBIT DNA REPLICATION,3-A
40039d87-d0da-11f0-9ba0-fc3fdb83b633,3534b29a-d0da-11f0-9ba0-fc3fdb83b633,ICBG-R21/OTHER: INHIBIT KINASE TRANSLOCATION,VERDADERO-A
4003b2c0-d0da-11f0-9ba0-fc3fdb83b633,3536520f-d0da-11f0-9ba0-fc3fdb83b633,ICBG-R21/ANTI-VIRAL_NO_HIV,3-A
40055c97-d0da-11f0-9ba0-fc3fdb83b633,35586970-d0da-11f0-9ba0-fc3fdb83b633,ICBG-R21/OTHER: INHIBIT KINASE TRANSLOCATION,VERDADERO-A
400566c6-d0da-11f0-9ba0-fc3fdb83b633,35593ac6-d0da-11f0-9ba0-fc3fdb83b633,ICBG-R21/ANTI-VIRAL_NO_HIV,3-A
4005c990-d0da-11f0-9ba0-fc3fdb83b633,35621fb1-d0da-11f0-9ba0-fc3fdb83b633,ICBG-R21/ANTI-VIRAL_NO_HIV,3-A
4005d111-d0da-11f0-9ba0-fc3fdb83b633,35627b83-d0da-11f0-9ba0-fc3fdb83b633,ICBG-R21/OTHER: INHIBIT KINASE TRANSLOCATION,VERDADERO-A
40062288-d0da-11f0-9ba0-fc3fdb83b633,3568ff03-d0da-11f0-9ba0-fc3fdb83b633,ICBG-R21/ANTI-VIRAL_NO_HIV,3-A
40064a25-d0da-11f0-9ba0-fc3fdb83b633,356c7dda-d0da-11f0-9ba0-fc3fdb83b633,ICBG-R21/OTHER: CELL DIVISION,3-A
400703d4-d0da-11f0-9ba0-fc3fdb83b633,357cca0a-d0da-11f0-9ba0-fc3fdb83b633,ICBG-R21/OTHER: INHIBIT KINASE TRANSLOCATION,VERDADERO-A
40076614-d0da-11f0-9ba0-fc3fdb83b633,358669c5-d0da-11f0-9ba0-fc3fdb83b633,ICBG-R21/OTHER: INHIBIT DNA REPLICATION,3-A
400814cc-d0da-11f0-9ba0-fc3fdb83b633,359451af-d0da-11f0-9ba0-fc3fdb83b633,ICBG-R21/OTHER: INHIBIT KINASE TRANSLOCATION,VERDADERO-A
400824d3-d0da-11f0-9ba0-fc3fdb83b633,3595256e-d0da-11f0-9ba0-fc3fdb83b633,ICBG-R21/OTHER: INHIBIT KINASE TRANSLOCATION,VERDADERO-A
4008730e-d0da-11f0-9ba0-fc3fdb83b633,359bb27e-d0da-11f0-9ba0-fc3fdb83b633,ICBG-R21/ANTI-VIRAL_NO_HIV,3-A
40087fe4-d0da-11f0-9ba0-fc3fdb83b633,359bf6c6-d0da-11f0-9ba0-fc3fdb83b633,ICBG-R21/OTHER: INHIBIT KINASE TRANSLOCATION,VERDADERO-A
4008d128-d0da-11f0-9ba0-fc3fdb83b633,35a1e20b-d0da-11f0-9ba0-fc3fdb83b633,ICBG-R21/OTHER: HEAT SHOCK RESPONSE,VERDADERO-A
4008daf0-d0da-11f0-9ba0-fc3fdb83b633,35a25267-d0da-11f0-9ba0-fc3fdb83b633,ICBG-R21/ANTI-VIRAL_NO_HIV,VERDADERO-A
4008e134-d0da-11f0-9ba0-fc3fdb83b633,35a29c42-d0da-11f0-9ba0-fc3fdb83b633,ICBG-R21/ANTI-VIRAL_NO_HIV,VERDADERO-A
4008e49b-d0da-11f0-9ba0-fc3fdb83b633,35a2c151-d0da-11f0-9ba0-fc3fdb83b633,ICBG-R21/OTHER: INHIBIT KINASE TRANSLOCATION,VERDADERO-A
4008e7db-d0da-11f0-9ba0-fc3fdb83b633,35a2ed55-d0da-11f0-9ba0-fc3fdb83b633,ICBG-R21/OTHER: INHIBIT KINASE TRANSLOCATION,VERDADERO-A
4008f9bf-d0da-11f0-9ba0-fc3fdb83b633,35a40953-d0da-11f0-9ba0-fc3fdb83b633,ICBG-R21/ANTI-VIRAL_NO_HIV,3-A
4008fd20-d0da-11f0-9ba0-fc3fdb83b633,35a43f96-d0da-11f0-9ba0-fc3fdb83b633,ICBG-R21/ANTI-VIRAL_NO_HIV,2-A
40090074-d0da-11f0-9ba0-fc3fdb83b633,35a46ddc-d0da-11f0-9ba0-fc3fdb83b633,ICBG-R21/ANTI-VIRAL_NO_HIV,2-A
40092044-d0da-11f0-9ba0-fc3fdb83b633,35a61000-d0da-11f0-9ba0-fc3fdb83b633,ICBG-R21/OTHER: INHIBIT KINASE TRANSLOCATION,VERDADERO-A
4009291d-d0da-11f0-9ba0-fc3fdb83b633,35a712e1-d0da-11f0-9ba0-fc3fdb83b633,ICBG-R21/OTHER: INHIBIT DNA REPLICATION,3-A
40092c73-d0da-11f0-9ba0-fc3fdb83b633,35a75aaa-d0da-11f0-9ba0-fc3fdb83b633,ICBG-R21/ANTI-VIRAL_NO_HIV,3-A
40093c7b-d0da-11f0-9ba0-fc3fdb83b633,35a8bff0-d0da-11f0-9ba0-fc3fdb83b633,ICBG-R21/OTHER: INHIBIT KINASE TRANSLOCATION,VERDADERO-A
40094384-d0da-11f0-9ba0-fc3fdb83b633,35a957d4-d0da-11f0-9ba0-fc3fdb83b633,ICBG-R21/ANTI-BACTERIAL,2-A
4009563f-d0da-11f0-9ba0-fc3fdb83b633,35ab04fe-d0da-11f0-9ba0-fc3fdb83b633,ICBG-R21/OTHER: INHIBIT DNA REPLICATION,3-A
40096036-d0da-11f0-9ba0-fc3fdb83b633,35abe73f-d0da-11f0-9ba0-fc3fdb83b633,ICBG-R21/OTHER: INHIBIT DNA REPLICATION,2-A
40096ae6-d0da-11f0-9ba0-fc3fdb83b633,35adfa2a-d0da-11f0-9ba0-fc3fdb83b633,ICBG-R21/OTHER: INHIBIT KINASE TRANSLOCATION,VERDADERO-A
4009b6e8-d0da-11f0-9ba0-fc3fdb83b633,35b6f8dc-d0da-11f0-9ba0-fc3fdb83b633,ICBG-R21/ANTI-VIRAL_NO_HIV,2-A
4009bbd3-d0da-11f0-9ba0-fc3fdb83b633,35b73e51-d0da-11f0-9ba0-fc3fdb83b633,ICBG-R21/OTHER: INHIBIT KINASE TRANSLOCATION,VERDADERO-A
4009c265-d0da-11f0-9ba0-fc3fdb83b633,35b7cf28-d0da-11f0-9ba0-fc3fdb83b633,ICBG-R21/OTHER: INHIBIT KINASE TRANSLOCATION,VERDADERO-A
4009c5ee-d0da-11f0-9ba0-fc3fdb83b633,35b81741-d0da-11f0-9ba0-fc3fdb83b633,ICBG-R21/OTHER: ANTI-PROTOZOA,VERDADERO-A
400a7292-d0da-11f0-9ba0-fc3fdb83b633,35c774e1-d0da-11f0-9ba0-fc3fdb83b633,ICBG-R21/ANTI-BACTERIAL,2-A
400b2c70-d0da-11f0-9ba0-fc3fdb83b633,35d4b001-d0da-11f0-9ba0-fc3fdb83b633,ICBG-R21/ANTI-BACTERIAL,1-Q
400b9776-d0da-11f0-9ba0-fc3fdb83b633,35dd4dda-d0da-11f0-9ba0-fc3fdb83b633,ICBG-R21/OTHER: INHIBIT KINASE TRANSLOCATION,VERDADERO-A
400bab14-d0da-11f0-9ba0-fc3fdb83b633,35def22a-d0da-11f0-9ba0-fc3fdb83b633,ICBG-R21/OTHER: INHIBIT KINASE TRANSLOCATION,VERDADERO-A
400be568-d0da-11f0-9ba0-fc3fdb83b633,35e39d28-d0da-11f0-9ba0-fc3fdb83b633,ICBG-R21/ANTI-VIRAL_NO_HIV,3-A
400bf223-d0da-11f0-9ba0-fc3fdb83b633,35e4c734-d0da-11f0-9ba0-fc3fdb83b633,ICBG-R21/ANTI-VIRAL_NO_HIV,3-A
400bf5ce-d0da-11f0-9ba0-fc3fdb83b633,35e50f98-d0da-11f0-9ba0-fc3fdb83b633,ICBG-R21/ANTI-BACTERIAL,1-Q
400bf973-d0da-11f0-9ba0-fc3fdb83b633,35e556c3-d0da-11f0-9ba0-fc3fdb83b633,ICBG-R21/OTHER: HEAT SHOCK RESPONSE,VERDADERO-A
400c0930-d0da-11f0-9ba0-fc3fdb83b633,35e6baf7-d0da-11f0-9ba0-fc3fdb83b633,ICBG-R21/ANTI-VIRAL_NO_HIV,3-A
400c0fc3-d0da-11f0-9ba0-fc3fdb83b633,35e743f8-d0da-11f0-9ba0-fc3fdb83b633,ICBG-R21/OTHER: HEAT SHOCK RESPONSE,3-A
400f748b-d0da-11f0-9ba0-fc3fdb83b633,3627f18b-d0da-11f0-9ba0-fc3fdb83b633,ICBG-R21/OTHER: INHIBIT KINASE TRANSLOCATION,VERDADERO-A
401c7174-d0da-11f0-9ba0-fc3fdb83b633,3715f4cd-d0da-11f0-9ba0-fc3fdb83b633,ICBG-R21/OTHER: INHIBIT KINASE TRANSLOCATION,VERDADERO-A
401df9ff-d0da-11f0-9ba0-fc3fdb83b633,37369fb8-d0da-11f0-9ba0-fc3fdb83b633,ICBG-R21/ANTI-BACTERIAL,2-A
4023e028-d0da-11f0-9ba0-fc3fdb83b633,37a7273f-d0da-11f0-9ba0-fc3fdb83b633,ICBG-R21/ANTI-VIRAL_NO_HIV,3-A
4023e410-d0da-11f0-9ba0-fc3fdb83b633,37a76362-d0da-11f0-9ba0-fc3fdb83b633,ICBG-R21/OTHER: INHIBIT KINASE TRANSLOCATION,VERDADERO-A
40257fce-d0da-11f0-9ba0-fc3fdb83b633,37c9046f-d0da-11f0-9ba0-fc3fdb83b633,ICBG-R21/ANTI-VIRAL_NO_HIV,3-A
4026511f-d0da-11f0-9ba0-fc3fdb83b633,37dab10d-d0da-11f0-9ba0-fc3fdb83b633,ICBG-R21/OTHER: CELL DIVISION,2-A
4026559d-d0da-11f0-9ba0-fc3fdb83b633,37daf530-d0da-11f0-9ba0-fc3fdb83b633,ICBG-R21/OTHER: INHIBIT KINASE TRANSLOCATION,VERDADERO-A
4028588e-d0da-11f0-9ba0-fc3fdb83b633,37fd133e-d0da-11f0-9ba0-fc3fdb83b633,ICBG-R21/OTHER: INHIBIT KINASE TRANSLOCATION,VERDADERO-A
40298fb8-d0da-11f0-9ba0-fc3fdb83b633,38123ac6-d0da-11f0-9ba0-fc3fdb83b633,ICBG-R21/OTHER: INHIBIT KINASE TRANSLOCATION,VERDADERO-A
4029a5a1-d0da-11f0-9ba0-fc3fdb83b633,38139a8e-d0da-11f0-9ba0-fc3fdb83b633,ICBG-R21/OTHER: INHIBIT KINASE TRANSLOCATION,VERDADERO-A
4029a9dd-d0da-11f0-9ba0-fc3fdb83b633,3813dd35-d0da-11f0-9ba0-fc3fdb83b633,ICBG-R21/OTHER: INHIBIT KINASE TRANSLOCATION,VERDADERO-A
402c964e-d0da-11f0-9ba0-fc3fdb83b633,384ae439-d0da-11f0-9ba0-fc3fdb83b633,ICBG-R21/OTHER: INHIBIT KINASE TRANSLOCATION,VERDADERO-A
402eae09-d0da-11f0-9ba0-fc3fdb83b633,3880c0f6-d0da-11f0-9ba0-fc3fdb83b633,ICBG-R21/OTHER: INHIBIT KINASE TRANSLOCATION,VERDADERO-A
402ec3ae-d0da-11f0-9ba0-fc3fdb83b633,3882bc82-d0da-11f0-9ba0-fc3fdb83b633,ICBG-R21/OTHER: INHIBIT KINASE TRANSLOCATION,VERDADERO-A
402ef2b3-d0da-11f0-9ba0-fc3fdb83b633,38867eba-d0da-11f0-9ba0-fc3fdb83b633,ICBG-R21/OTHER: INHIBIT KINASE TRANSLOCATION,VERDADERO-A
402f35e3-d0da-11f0-9ba0-fc3fdb83b633,388a8796-d0da-11f0-9ba0-fc3fdb83b633,ICBG-R21/ANTI-VIRAL_NO_HIV,3-A
402f881a-d0da-11f0-9ba0-fc3fdb83b633,38904d87-d0da-11f0-9ba0-fc3fdb83b633,ICBG-R21/ANTI-VIRAL_NO_HIV,3-A
402fa88e-d0da-11f0-9ba0-fc3fdb83b633,38919f9c-d0da-11f0-9ba0-fc3fdb83b633,ICBG-R21/ANTI-VIRAL_NO_HIV,3-A
402ff295-d0da-11f0-9ba0-fc3fdb83b633,38969f71-d0da-11f0-9ba0-fc3fdb83b633,ICBG-R21/OTHER: INHIBIT KINASE TRANSLOCATION,VERDADERO-A
402ff67a-d0da-11f0-9ba0-fc3fdb83b633,3896c42f-d0da-11f0-9ba0-fc3fdb83b633,ICBG-R21/OTHER: CELL DIVISION,2-A
4030acf8-d0da-11f0-9ba0-fc3fdb83b633,38a31703-d0da-11f0-9ba0-fc3fdb83b633,ICBG-R21/ANTI-BACTERIAL,3-A
4030ba76-d0da-11f0-9ba0-fc3fdb83b633,38a42fff-d0da-11f0-9ba0-fc3fdb83b633,ICBG-R21/ANTI-BACTERIAL,3-A