id,MetodoIdentificacion,CodigoAccesoGenBank,IdentificadorResponsable
3027edbd-d0da-11f0-9ba0-fc3fdb83b633,,,
3027f4ae-d0da-11f0-9ba0-fc3fdb83b633,,,C.MURILLO
3027f585-d0da-11f0-9ba0-fc3fdb83b633,,,C.MURILLO
3027f5d4-d0da-11f0-9ba0-fc3fdb83b633,,,C.MURILLO
3027f61f-d0da-11f0-9ba0-fc3fdb83b633,,,C.MURILLO
3027f666-d0da-11f0-9ba0-fc3fdb83b633,,,C.MURILLO
3027f6a8-d0da-11f0-9ba0-fc3fdb83b633,,,C.MURILLO
3027f6e8-d0da-11f0-9ba0-fc3fdb83b633,,,C.MURILLO
3027f72c-d0da-11f0-9ba0-fc3fdb83b633,,,C.MURILLO
3027f76b-d0da-11f0-9ba0-fc3fdb83b633,,,C.MURILLO
3027f7b2-d0da-11f0-9ba0-fc3fdb83b633,,,C.MURILLO
3027f7f9-d0da-11f0-9ba0-fc3fdb83b633,,,C.MURILLO
3027f83b-d0da-11f0-9ba0-fc3fdb83b633,,,C.MURILLO
3027f87b-d0da-11f0-9ba0-fc3fdb83b633,,,C.MURILLO
3027f8bd-d0da-11f0-9ba0-fc3fdb83b633,,,C.MURILLO
3027f8fd-d0da-11f0-9ba0-fc3fdb83b633,,,C.MURILLO
3027f93e-d0da-11f0-9ba0-fc3fdb83b633,,,C.MURILLO
3027f97f-d0da-11f0-9ba0-fc3fdb83b633,,,C.MURILLO
3027f9bf-d0da-11f0-9ba0-fc3fdb83b633,,,
3027fa00-d0da-11f0-9ba0-fc3fdb83b633,,,C.MURILLO
3027fa41-d0da-11f0-9ba0-fc3fdb83b633,,,C.MURILLO
3027fa83-d0da-11f0-9ba0-fc3fdb83b633,,,C.MURILLO
3027fac3-d0da-11f0-9ba0-fc3fdb83b633,,,C.MURILLO
3027fb04-d0da-11f0-9ba0-fc3fdb83b633,,,C.MURILLO
3027fb45-d0da-11f0-9ba0-fc3fdb83b633,,,C.MURILLO
3027fb87-d0da-11f0-9ba0-fc3fdb83b633,,,C.MURILLO
3027fbc7-d0da-11f0-9ba0-fc3fdb83b633,,,C.MURILLO
3027fc09-d0da-11f0-9ba0-fc3fdb83b633,,,C.MURILLO
3027fc49-d0da-11f0-9ba0-fc3fdb83b633,,,C.MURILLO
3027fc8b-d0da-11f0-9ba0-fc3fdb83b633,,,C.MURILLO
3027fccd-d0da-11f0-9ba0-fc3fdb83b633,,,C.MURILLO
3027fd10-d0da-11f0-9ba0-fc3fdb83b633,,,C.MURILLO
3027fd52-d0da-11f0-9ba0-fc3fdb83b633,,,C.MURILLO
3027fd92-d0da-11f0-9ba0-fc3fdb83b633,,,C.MURILLO
3027fdd3-d0da-11f0-9ba0-fc3fdb83b633,,,C.MURILLO
3027fe12-d0da-11f0-9ba0-fc3fdb83b633,,,C.MURILLO
3027fe55-d0da-11f0-9ba0-fc3fdb83b633,,,
3027fe95-d0da-11f0-9ba0-fc3fdb83b633,,,
3027fed4-d0da-11f0-9ba0-fc3fdb83b633,,,
3027ff14-d0da-11f0-9ba0-fc3fdb83b633,,,
3027ff56-d0da-11f0-9ba0-fc3fdb83b633,,,
3027ff97-d0da-11f0-9ba0-fc3fdb83b633,,,
3027ffd7-d0da-11f0-9ba0-fc3fdb83b633,,,
30280016-d0da-11f0-9ba0-fc3fdb83b633,,,
30280057-d0da-11f0-9ba0-fc3fdb83b633,,,L.UMAÑA
30280099-d0da-11f0-9ba0-fc3fdb83b633,,,
302800d9-d0da-11f0-9ba0-fc3fdb83b633,,,
3028011a-d0da-11f0-9ba0-fc3fdb83b633,,,
3028015b-d0da-11f0-9ba0-fc3fdb83b633,,,C.MURILLO
3028019b-d0da-11f0-9ba0-fc3fdb83b633,,,C.MURILLO
302801dd-d0da-11f0-9ba0-fc3fdb83b633,,,C.MURILLO
3028021a-d0da-11f0-9ba0-fc3fdb83b633,,,C.MURILLO
3028025b-d0da-11f0-9ba0-fc3fdb83b633,,,
3028029a-d0da-11f0-9ba0-fc3fdb83b633,,,C.MURILLO
302802dc-d0da-11f0-9ba0-fc3fdb83b633,,,
3028031c-d0da-11f0-9ba0-fc3fdb83b633,,,C.MURILLO
3028035b-d0da-11f0-9ba0-fc3fdb83b633,,,C.MURILLO
3028039b-d0da-11f0-9ba0-fc3fdb83b633,,,C.MURILLO
302803db-d0da-11f0-9ba0-fc3fdb83b633,,,
3028041e-d0da-11f0-9ba0-fc3fdb83b633,,,
3028045f-d0da-11f0-9ba0-fc3fdb83b633,,,
3028049e-d0da-11f0-9ba0-fc3fdb83b633,,,
302804de-d0da-11f0-9ba0-fc3fdb83b633,,,
3028051d-d0da-11f0-9ba0-fc3fdb83b633,,,
3028055e-d0da-11f0-9ba0-fc3fdb83b633,,,
3028059d-d0da-11f0-9ba0-fc3fdb83b633,,,
302805dc-d0da-11f0-9ba0-fc3fdb83b633,,,
3028061b-d0da-11f0-9ba0-fc3fdb83b633,,,
3028065b-d0da-11f0-9ba0-fc3fdb83b633,,,L.UMAÑA
302806a1-d0da-11f0-9ba0-fc3fdb83b633,,,
302806e3-d0da-11f0-9ba0-fc3fdb83b633,,,L.UMAÑA
30280724-d0da-11f0-9ba0-fc3fdb83b633,,,
30280764-d0da-11f0-9ba0-fc3fdb83b633,,,
302807a3-d0da-11f0-9ba0-fc3fdb83b633,,,L.UMAÑA
302807e2-d0da-11f0-9ba0-fc3fdb83b633,,,L.UMAÑA
30280822-d0da-11f0-9ba0-fc3fdb83b633,,,L.UMAÑA
30280863-d0da-11f0-9ba0-fc3fdb83b633,,,
302808a3-d0da-11f0-9ba0-fc3fdb83b633,,,
302808e3-d0da-11f0-9ba0-fc3fdb83b633,,,
30280925-d0da-11f0-9ba0-fc3fdb83b633,,,
30280966-d0da-11f0-9ba0-fc3fdb83b633,,,
302809a9-d0da-11f0-9ba0-fc3fdb83b633,,,
302809e8-d0da-11f0-9ba0-fc3fdb83b633,,,
30280a28-d0da-11f0-9ba0-fc3fdb83b633,,,
30280a6a-d0da-11f0-9ba0-fc3fdb83b633,,,
30280aaa-d0da-11f0-9ba0-fc3fdb83b633,,,
30280aec-d0da-11f0-9ba0-fc3fdb83b633,,,
30280b2c-d0da-11f0-9ba0-fc3fdb83b633,,,L.UMAÑA
30280b6c-d0da-11f0-9ba0-fc3fdb83b633,,,
30280bac-d0da-11f0-9ba0-fc3fdb83b633,,,
30280bec-d0da-11f0-9ba0-fc3fdb83b633,,,
30280c2c-d0da-11f0-9ba0-fc3fdb83b633,,,L.UMAÑA
30280c75-d0da-11f0-9ba0-fc3fdb83b633,,,
30280cb6-d0da-11f0-9ba0-fc3fdb83b633,,,
30280cf7-d0da-11f0-9ba0-fc3fdb83b633,,,L.UMAÑA
30280d38-d0da-11f0-9ba0-fc3fdb83b633,,,
30280d7a-d0da-11f0-9ba0-fc3fdb83b633,,,
30280dbc-d0da-11f0-9ba0-fc3fdb83b633,,,L.UMAÑA
30280dfc-d0da-11f0-9ba0-fc3fdb83b633,,,
30280e78-d0da-11f0-9ba0-fc3fdb83b633,,,
30280ee7-d0da-11f0-9ba0-fc3fdb83b633,,,
30280f2a-d0da-11f0-9ba0-fc3fdb83b633,,,
3028136d-d0da-11f0-9ba0-fc3fdb83b633,,,L.UMAÑA
302813dd-d0da-11f0-9ba0-fc3fdb83b633,,,
30281433-d0da-11f0-9ba0-fc3fdb83b633,,,
30281491-d0da-11f0-9ba0-fc3fdb83b633,,,
302814dd-d0da-11f0-9ba0-fc3fdb83b633,,,L.UMAÑA
30281523-d0da-11f0-9ba0-fc3fdb83b633,,,
30281568-d0da-11f0-9ba0-fc3fdb83b633,,,
302815ad-d0da-11f0-9ba0-fc3fdb83b633,,,
302815f4-d0da-11f0-9ba0-fc3fdb83b633,,,
30281638-d0da-11f0-9ba0-fc3fdb83b633,,,
3028167d-d0da-11f0-9ba0-fc3fdb83b633,,,
302816c3-d0da-11f0-9ba0-fc3fdb83b633,,,
30281707-d0da-11f0-9ba0-fc3fdb83b633,,,L.UMAÑA
3028174c-d0da-11f0-9ba0-fc3fdb83b633,,,
30281793-d0da-11f0-9ba0-fc3fdb83b633,,,
302817d6-d0da-11f0-9ba0-fc3fdb83b633,,,
3028181a-d0da-11f0-9ba0-fc3fdb83b633,,,
3028185f-d0da-11f0-9ba0-fc3fdb83b633,,,
302818a4-d0da-11f0-9ba0-fc3fdb83b633,,,
302818e9-d0da-11f0-9ba0-fc3fdb83b633,,,L.UMAÑA
30281933-d0da-11f0-9ba0-fc3fdb83b633,,,
30281979-d0da-11f0-9ba0-fc3fdb83b633,,,
302819be-d0da-11f0-9ba0-fc3fdb83b633,,,
30281a04-d0da-11f0-9ba0-fc3fdb83b633,,,
30281a4a-d0da-11f0-9ba0-fc3fdb83b633,,,
302e55da-d0da-11f0-9ba0-fc3fdb83b633,,,
302e57fb-d0da-11f0-9ba0-fc3fdb83b633,,,
302e5855-d0da-11f0-9ba0-fc3fdb83b633,,,
302e58a0-d0da-11f0-9ba0-fc3fdb83b633,,,
302e58e4-d0da-11f0-9ba0-fc3fdb83b633,,,
302e592f-d0da-11f0-9ba0-fc3fdb83b633,,,
302e5978-d0da-11f0-9ba0-fc3fdb83b633,,,
302e59c4-d0da-11f0-9ba0-fc3fdb83b633,,,
302e5a0f-d0da-11f0-9ba0-fc3fdb83b633,,,
302e5a51-d0da-11f0-9ba0-fc3fdb83b633,,,
302e5a93-d0da-11f0-9ba0-fc3fdb83b633,,,
302e5ade-d0da-11f0-9ba0-fc3fdb83b633,,,
302e5b21-d0da-11f0-9ba0-fc3fdb83b633,,,
302e5b64-d0da-11f0-9ba0-fc3fdb83b633,,,
302e5ba5-d0da-11f0-9ba0-fc3fdb83b633,,,
302e5be7-d0da-11f0-9ba0-fc3fdb83b633,,,
302e5c27-d0da-11f0-9ba0-fc3fdb83b633,,,
302e5c68-d0da-11f0-9ba0-fc3fdb83b633,,,
302e5ca7-d0da-11f0-9ba0-fc3fdb83b633,,,
302e5ce9-d0da-11f0-9ba0-fc3fdb83b633,,,
302e5d2c-d0da-11f0-9ba0-fc3fdb83b633,,,
302e5d6d-d0da-11f0-9ba0-fc3fdb83b633,,,
302e5dac-d0da-11f0-9ba0-fc3fdb83b633,,,
302e5ded-d0da-11f0-9ba0-fc3fdb83b633,,,
302e5e2e-d0da-11f0-9ba0-fc3fdb83b633,,,
302e5e77-d0da-11f0-9ba0-fc3fdb83b633,,,
302e5eb9-d0da-11f0-9ba0-fc3fdb83b633,,,
302e5efa-d0da-11f0-9ba0-fc3fdb83b633,,,
302e5f3c-d0da-11f0-9ba0-fc3fdb83b633,,,
302e5f7b-d0da-11f0-9ba0-fc3fdb83b633,,,
302e5fbc-d0da-11f0-9ba0-fc3fdb83b633,,,
302e5ffe-d0da-11f0-9ba0-fc3fdb83b633,,,
302e603f-d0da-11f0-9ba0-fc3fdb83b633,,,
302e607f-d0da-11f0-9ba0-fc3fdb83b633,,,
302e60c0-d0da-11f0-9ba0-fc3fdb83b633,,,
302e6102-d0da-11f0-9ba0-fc3fdb83b633,,,
302e6145-d0da-11f0-9ba0-fc3fdb83b633,,,
302e6186-d0da-11f0-9ba0-fc3fdb83b633,,,
302e61c6-d0da-11f0-9ba0-fc3fdb83b633,,,
302e620c-d0da-11f0-9ba0-fc3fdb83b633,,,
302e624c-d0da-11f0-9ba0-fc3fdb83b633,,,
302e628c-d0da-11f0-9ba0-fc3fdb83b633,,,
302e643f-d0da-11f0-9ba0-fc3fdb83b633,,,
302e648b-d0da-11f0-9ba0-fc3fdb83b633,,,
302e64d3-d0da-11f0-9ba0-fc3fdb83b633,,,
302e651c-d0da-11f0-9ba0-fc3fdb83b633,,,
302e655e-d0da-11f0-9ba0-fc3fdb83b633,,,
302e65a2-d0da-11f0-9ba0-fc3fdb83b633,,,
302e65e6-d0da-11f0-9ba0-fc3fdb83b633,,,
302e662a-d0da-11f0-9ba0-fc3fdb83b633,,,
302e666c-d0da-11f0-9ba0-fc3fdb83b633,,,
302e66af-d0da-11f0-9ba0-fc3fdb83b633,,,
302e66f1-d0da-11f0-9ba0-fc3fdb83b633,,,
302e6736-d0da-11f0-9ba0-fc3fdb83b633,,,
302e677a-d0da-11f0-9ba0-fc3fdb83b633,,,
302e67bd-d0da-11f0-9ba0-fc3fdb83b633,,,
302e6801-d0da-11f0-9ba0-fc3fdb83b633,,,
302e6845-d0da-11f0-9ba0-fc3fdb83b633,,,
302e6887-d0da-11f0-9ba0-fc3fdb83b633,,,
302e68c8-d0da-11f0-9ba0-fc3fdb83b633,,,
302e690c-d0da-11f0-9ba0-fc3fdb83b633,,,
302e6951-d0da-11f0-9ba0-fc3fdb83b633,,,
302e6994-d0da-11f0-9ba0-fc3fdb83b633,,,
302e69d6-d0da-11f0-9ba0-fc3fdb83b633,,,
302e6a18-d0da-11f0-9ba0-fc3fdb83b633,,,
302e6a5a-d0da-11f0-9ba0-fc3fdb83b633,,,
302e6a9d-d0da-11f0-9ba0-fc3fdb83b633,,,
302e6adf-d0da-11f0-9ba0-fc3fdb83b633,,,
302e6b21-d0da-11f0-9ba0-fc3fdb83b633,,,
302e6b64-d0da-11f0-9ba0-fc3fdb83b633,,,
302e6ba5-d0da-11f0-9ba0-fc3fdb83b633,,,
302e6be7-d0da-11f0-9ba0-fc3fdb83b633,,,
302e6c29-d0da-11f0-9ba0-fc3fdb83b633,,,
302e6c6a-d0da-11f0-9ba0-fc3fdb83b633,,,
302e6cab-d0da-11f0-9ba0-fc3fdb83b633,,,
302e6cef-d0da-11f0-9ba0-fc3fdb83b633,,,
302e6d31-d0da-11f0-9ba0-fc3fdb83b633,,,
302e6d73-d0da-11f0-9ba0-fc3fdb83b633,,,
302e6db4-d0da-11f0-9ba0-fc3fdb83b633,,,
302e6df7-d0da-11f0-9ba0-fc3fdb83b633,,,
302e6e3a-d0da-11f0-9ba0-fc3fdb83b633,,,
302e6e7d-d0da-11f0-9ba0-fc3fdb83b633,,,
302e6ebf-d0da-11f0-9ba0-fc3fdb83b633,,,
302e6f02-d0da-11f0-9ba0-fc3fdb83b633,,,
302e6f42-d0da-11f0-9ba0-fc3fdb83b633,,,
302e6f86-d0da-11f0-9ba0-fc3fdb83b633,,,
302e6fc8-d0da-11f0-9ba0-fc3fdb83b633,,,
302e701b-d0da-11f0-9ba0-fc3fdb83b633,,,
302e706a-d0da-11f0-9ba0-fc3fdb83b633,,,
302e70b7-d0da-11f0-9ba0-fc3fdb83b633,,,
302e7100-d0da-11f0-9ba0-fc3fdb83b633,,,
302e7147-d0da-11f0-9ba0-fc3fdb83b633,,,
302e718f-d0da-11f0-9ba0-fc3fdb83b633,,,
302e71d7-d0da-11f0-9ba0-fc3fdb83b633,,,
302e721d-d0da-11f0-9ba0-fc3fdb83b633,,,
302e7264-d0da-11f0-9ba0-fc3fdb83b633,,,
302e72ab-d0da-11f0-9ba0-fc3fdb83b633,,,
302e7355-d0da-11f0-9ba0-fc3fdb83b633,,,
302e73e9-d0da-11f0-9ba0-fc3fdb83b633,,,
302e743c-d0da-11f0-9ba0-fc3fdb83b633,,,
302e7484-d0da-11f0-9ba0-fc3fdb83b633,,,
302e74cb-d0da-11f0-9ba0-fc3fdb83b633,,,
302e7513-d0da-11f0-9ba0-fc3fdb83b633,,,
302e755a-d0da-11f0-9ba0-fc3fdb83b633,,,
302e75a7-d0da-11f0-9ba0-fc3fdb83b633,,,
302e75f2-d0da-11f0-9ba0-fc3fdb83b633,,,
302e763a-d0da-11f0-9ba0-fc3fdb83b633,,,
302e7683-d0da-11f0-9ba0-fc3fdb83b633,,,
302e76ca-d0da-11f0-9ba0-fc3fdb83b633,,,
302e7716-d0da-11f0-9ba0-fc3fdb83b633,,,
302e7767-d0da-11f0-9ba0-fc3fdb83b633,,,
302e77b0-d0da-11f0-9ba0-fc3fdb83b633,,,
302e77f8-d0da-11f0-9ba0-fc3fdb83b633,,,
302e7841-d0da-11f0-9ba0-fc3fdb83b633,,,
302e7889-d0da-11f0-9ba0-fc3fdb83b633,,,
302e78d1-d0da-11f0-9ba0-fc3fdb83b633,,,
302e7918-d0da-11f0-9ba0-fc3fdb83b633,,,
302e7961-d0da-11f0-9ba0-fc3fdb83b633,,,
302e79aa-d0da-11f0-9ba0-fc3fdb83b633,,,
302e79f2-d0da-11f0-9ba0-fc3fdb83b633,,,
302e7a3a-d0da-11f0-9ba0-fc3fdb83b633,,,
302e7a84-d0da-11f0-9ba0-fc3fdb83b633,,,
302e7acb-d0da-11f0-9ba0-fc3fdb83b633,,,
302e7b12-d0da-11f0-9ba0-fc3fdb83b633,,,
302e7b59-d0da-11f0-9ba0-fc3fdb83b633,,,
302e7ba2-d0da-11f0-9ba0-fc3fdb83b633,,,
302e7be9-d0da-11f0-9ba0-fc3fdb83b633,,,
302e7c31-d0da-11f0-9ba0-fc3fdb83b633,,,
302e7c78-d0da-11f0-9ba0-fc3fdb83b633,,,
302e7cc0-d0da-11f0-9ba0-fc3fdb83b633,,,
302e7d0a-d0da-11f0-9ba0-fc3fdb83b633,,,
302e7d51-d0da-11f0-9ba0-fc3fdb83b633,,,
302e7d9a-d0da-11f0-9ba0-fc3fdb83b633,,,
302e7de5-d0da-11f0-9ba0-fc3fdb83b633,,,
302e7e2d-d0da-11f0-9ba0-fc3fdb83b633,,,
302e7e74-d0da-11f0-9ba0-fc3fdb83b633,,,
302e7ebc-d0da-11f0-9ba0-fc3fdb83b633,,,
302e7f05-d0da-11f0-9ba0-fc3fdb83b633,,,
302e7f4c-d0da-11f0-9ba0-fc3fdb83b633,,,
302e7f94-d0da-11f0-9ba0-fc3fdb83b633,,,
302e7fdb-d0da-11f0-9ba0-fc3fdb83b633,,,
302e8023-d0da-11f0-9ba0-fc3fdb83b633,,,
302e806a-d0da-11f0-9ba0-fc3fdb83b633,,,
302e80b1-d0da-11f0-9ba0-fc3fdb83b633,,,
302e80f8-d0da-11f0-9ba0-fc3fdb83b633,,,
302e8141-d0da-11f0-9ba0-fc3fdb83b633,,,
302e8189-d0da-11f0-9ba0-fc3fdb83b633,,,
302e81d5-d0da-11f0-9ba0-fc3fdb83b633,,,
302e821e-d0da-11f0-9ba0-fc3fdb83b633,,,
302e8265-d0da-11f0-9ba0-fc3fdb83b633,,,
302e82a9-d0da-11f0-9ba0-fc3fdb83b633,,,
302e82f2-d0da-11f0-9ba0-fc3fdb83b633,,,
302e833a-d0da-11f0-9ba0-fc3fdb83b633,,,
302e8383-d0da-11f0-9ba0-fc3fdb83b633,,,
302e83ca-d0da-11f0-9ba0-fc3fdb83b633,,,
302e8410-d0da-11f0-9ba0-fc3fdb83b633,,,
302e8457-d0da-11f0-9ba0-fc3fdb83b633,,,
302e849f-d0da-11f0-9ba0-fc3fdb83b633,,,
302e84e6-d0da-11f0-9ba0-fc3fdb83b633,,,
302e852e-d0da-11f0-9ba0-fc3fdb83b633,,,
302e8575-d0da-11f0-9ba0-fc3fdb83b633,,,
302e85bb-d0da-11f0-9ba0-fc3fdb83b633,,,
302e8602-d0da-11f0-9ba0-fc3fdb83b633,,,
302e864a-d0da-11f0-9ba0-fc3fdb83b633,,,
302e8692-d0da-11f0-9ba0-fc3fdb83b633,,,
302e86dc-d0da-11f0-9ba0-fc3fdb83b633,,,
302e8723-d0da-11f0-9ba0-fc3fdb83b633,,,
302e876a-d0da-11f0-9ba0-fc3fdb83b633,,,
302e87b0-d0da-11f0-9ba0-fc3fdb83b633,,,
302e87f9-d0da-11f0-9ba0-fc3fdb83b633,,,
302e8840-d0da-11f0-9ba0-fc3fdb83b633,,,
302e8936-d0da-11f0-9ba0-fc3fdb83b633,,,
302e8988-d0da-11f0-9ba0-fc3fdb83b633,,,
302e89d7-d0da-11f0-9ba0-fc3fdb83b633,,,
302e8a26-d0da-11f0-9ba0-fc3fdb83b633,,,
302e8a6f-d0da-11f0-9ba0-fc3fdb83b633,,,
302e8ab9-d0da-11f0-9ba0-fc3fdb83b633,,,
302e8b03-d0da-11f0-9ba0-fc3fdb83b633,,,
302e8b4f-d0da-11f0-9ba0-fc3fdb83b633,,,
302e8b99-d0da-11f0-9ba0-fc3fdb83b633,,,
302e8be3-d0da-11f0-9ba0-fc3fdb83b633,,,
302e8c2e-d0da-11f0-9ba0-fc3fdb83b633,,,
302e8c79-d0da-11f0-9ba0-fc3fdb83b633,,,
302e8cc4-d0da-11f0-9ba0-fc3fdb83b633,,,
302e8d0f-d0da-11f0-9ba0-fc3fdb83b633,,,
302e8d58-d0da-11f0-9ba0-fc3fdb83b633,,,
302e8da3-d0da-11f0-9ba0-fc3fdb83b633,,,
302e8dee-d0da-11f0-9ba0-fc3fdb83b633,,,
302e8e36-d0da-11f0-9ba0-fc3fdb83b633,,,
302e8e7f-d0da-11f0-9ba0-fc3fdb83b633,,,
302e8ecc-d0da-11f0-9ba0-fc3fdb83b633,,,
302e8f16-d0da-11f0-9ba0-fc3fdb83b633,,,
302e8f61-d0da-11f0-9ba0-fc3fdb83b633,,,
302e8fa9-d0da-11f0-9ba0-fc3fdb83b633,,,
302e8ff5-d0da-11f0-9ba0-fc3fdb83b633,,,
302e903e-d0da-11f0-9ba0-fc3fdb83b633,,,
302e9089-d0da-11f0-9ba0-fc3fdb83b633,,,
302e90d4-d0da-11f0-9ba0-fc3fdb83b633,,,
302e911e-d0da-11f0-9ba0-fc3fdb83b633,,,
302e9165-d0da-11f0-9ba0-fc3fdb83b633,,,
302e91ad-d0da-11f0-9ba0-fc3fdb83b633,,,
302e91f5-d0da-11f0-9ba0-fc3fdb83b633,,,
302e923d-d0da-11f0-9ba0-fc3fdb83b633,,,
302e9285-d0da-11f0-9ba0-fc3fdb83b633,,,
302e92cc-d0da-11f0-9ba0-fc3fdb83b633,,,
302e9314-d0da-11f0-9ba0-fc3fdb83b633,,,
302e935c-d0da-11f0-9ba0-fc3fdb83b633,,,
302e93a2-d0da-11f0-9ba0-fc3fdb83b633,,,
302e93ef-d0da-11f0-9ba0-fc3fdb83b633,,,
302e9436-d0da-11f0-9ba0-fc3fdb83b633,,,
302e947d-d0da-11f0-9ba0-fc3fdb83b633,,,
302e94c2-d0da-11f0-9ba0-fc3fdb83b633,,,
302e9508-d0da-11f0-9ba0-fc3fdb83b633,,,
302e954e-d0da-11f0-9ba0-fc3fdb83b633,,,
302e9598-d0da-11f0-9ba0-fc3fdb83b633,,,
302e95de-d0da-11f0-9ba0-fc3fdb83b633,,,
302e9625-d0da-11f0-9ba0-fc3fdb83b633,,,
302e966a-d0da-11f0-9ba0-fc3fdb83b633,,,
302e96b0-d0da-11f0-9ba0-fc3fdb83b633,,,
302e96fa-d0da-11f0-9ba0-fc3fdb83b633,,,
302e9740-d0da-11f0-9ba0-fc3fdb83b633,,,
302e9788-d0da-11f0-9ba0-fc3fdb83b633,,,
302e97d0-d0da-11f0-9ba0-fc3fdb83b633,,,
302e9816-d0da-11f0-9ba0-fc3fdb83b633,,,
302e985b-d0da-11f0-9ba0-fc3fdb83b633,,,
302e98a0-d0da-11f0-9ba0-fc3fdb83b633,,,
302e98e5-d0da-11f0-9ba0-fc3fdb83b633,,,
302e9942-d0da-11f0-9ba0-fc3fdb83b633,,,
302e99ba-d0da-11f0-9ba0-fc3fdb83b633,,,
302e9a79-d0da-11f0-9ba0-fc3fdb83b633,,,
302e9b00-d0da-11f0-9ba0-fc3fdb83b633,,,
302e9b88-d0da-11f0-9ba0-fc3fdb83b633,,,
302e9bfa-d0da-11f0-9ba0-fc3fdb83b633,,,
302e9c6f-d0da-11f0-9ba0-fc3fdb83b633,,,
302e9ced-d0da-11f0-9ba0-fc3fdb83b633,,,
302e9d38-d0da-11f0-9ba0-fc3fdb83b633,,,
302e9d7d-d0da-11f0-9ba0-fc3fdb83b633,,,
302e9dc6-d0da-11f0-9ba0-fc3fdb83b633,,,
302e9e0c-d0da-11f0-9ba0-fc3fdb83b633,,,
302e9e51-d0da-11f0-9ba0-fc3fdb83b633,,,
302e9e96-d0da-11f0-9ba0-fc3fdb83b633,,,
302e9edb-d0da-11f0-9ba0-fc3fdb83b633,,,
302e9f1e-d0da-11f0-9ba0-fc3fdb83b633,,,
302e9f60-d0da-11f0-9ba0-fc3fdb83b633,,,
302e9fa3-d0da-11f0-9ba0-fc3fdb83b633,,,
302e9fe5-d0da-11f0-9ba0-fc3fdb83b633,,,
302ea02d-d0da-11f0-9ba0-fc3fdb83b633,,,
302ea073-d0da-11f0-9ba0-fc3fdb83b633,,,
302ea0bb-d0da-11f0-9ba0-fc3fdb83b633,,,
302ea118-d0da-11f0-9ba0-fc3fdb83b633,,,
302ea174-d0da-11f0-9ba0-fc3fdb83b633,,,
302ea20d-d0da-11f0-9ba0-fc3fdb83b633,,,
302ea265-d0da-11f0-9ba0-fc3fdb83b633,,,
302ea2b2-d0da-11f0-9ba0-fc3fdb83b633,,,
302ea2fe-d0da-11f0-9ba0-fc3fdb83b633,,,
302ea344-d0da-11f0-9ba0-fc3fdb83b633,,,
302ea389-d0da-11f0-9ba0-fc3fdb83b633,,,
302ea3d2-d0da-11f0-9ba0-fc3fdb83b633,,,
302ea41a-d0da-11f0-9ba0-fc3fdb83b633,,,
302ea463-d0da-11f0-9ba0-fc3fdb83b633,,,
302ea4a9-d0da-11f0-9ba0-fc3fdb83b633,,,
302ea4ed-d0da-11f0-9ba0-fc3fdb83b633,,,
302ea537-d0da-11f0-9ba0-fc3fdb83b633,,,
302ea57b-d0da-11f0-9ba0-fc3fdb83b633,,,
302ea5be-d0da-11f0-9ba0-fc3fdb83b633,,,
302ea601-d0da-11f0-9ba0-fc3fdb83b633,,,
302ea645-d0da-11f0-9ba0-fc3fdb83b633,,,
302ea689-d0da-11f0-9ba0-fc3fdb83b633,,,
302ea6ce-d0da-11f0-9ba0-fc3fdb83b633,,,
302ea717-d0da-11f0-9ba0-fc3fdb83b633,,,
302ea75c-d0da-11f0-9ba0-fc3fdb83b633,,,
302ea7a0-d0da-11f0-9ba0-fc3fdb83b633,,,
302ea7e8-d0da-11f0-9ba0-fc3fdb83b633,,,
302ea832-d0da-11f0-9ba0-fc3fdb83b633,,,
302ea881-d0da-11f0-9ba0-fc3fdb83b633,,,
302ea8c9-d0da-11f0-9ba0-fc3fdb83b633,,,
302ea914-d0da-11f0-9ba0-fc3fdb83b633,,,
302ea95d-d0da-11f0-9ba0-fc3fdb83b633,,,
302ea9a4-d0da-11f0-9ba0-fc3fdb83b633,,,
302ea9ed-d0da-11f0-9ba0-fc3fdb83b633,,,
302eaa33-d0da-11f0-9ba0-fc3fdb83b633,,,
302eaa7e-d0da-11f0-9ba0-fc3fdb83b633,,,
302eaac6-d0da-11f0-9ba0-fc3fdb83b633,,,
302eab0f-d0da-11f0-9ba0-fc3fdb83b633,,,
302eab58-d0da-11f0-9ba0-fc3fdb83b633,,,
302eab9f-d0da-11f0-9ba0-fc3fdb83b633,,,
302eabe7-d0da-11f0-9ba0-fc3fdb83b633,,,
302eac2e-d0da-11f0-9ba0-fc3fdb83b633,,,
302eac75-d0da-11f0-9ba0-fc3fdb83b633,,,
302eacbc-d0da-11f0-9ba0-fc3fdb83b633,,,
302ead03-d0da-11f0-9ba0-fc3fdb83b633,,,
302ead4d-d0da-11f0-9ba0-fc3fdb83b633,,,
302ead94-d0da-11f0-9ba0-fc3fdb83b633,,,
302eaddb-d0da-11f0-9ba0-fc3fdb83b633,,,
302eae23-d0da-11f0-9ba0-fc3fdb83b633,,,
302eae76-d0da-11f0-9ba0-fc3fdb83b633,,,
302eaeb8-d0da-11f0-9ba0-fc3fdb83b633,,,
302eaf00-d0da-11f0-9ba0-fc3fdb83b633,,,
302eaf49-d0da-11f0-9ba0-fc3fdb83b633,,,
302eaf90-d0da-11f0-9ba0-fc3fdb83b633,,,
302eb08b-d0da-11f0-9ba0-fc3fdb83b633,,,
302eb0da-d0da-11f0-9ba0-fc3fdb83b633,,,
302eb12b-d0da-11f0-9ba0-fc3fdb83b633,,,
302eb178-d0da-11f0-9ba0-fc3fdb83b633,,,
302eb1c2-d0da-11f0-9ba0-fc3fdb83b633,,,
302eb20b-d0da-11f0-9ba0-fc3fdb83b633,,,
302eb254-d0da-11f0-9ba0-fc3fdb83b633,,,
302eb29f-d0da-11f0-9ba0-fc3fdb83b633,,,
302eb2e8-d0da-11f0-9ba0-fc3fdb83b633,,,
302eb332-d0da-11f0-9ba0-fc3fdb83b633,,,
302eb37a-d0da-11f0-9ba0-fc3fdb83b633,,,
302eb3c4-d0da-11f0-9ba0-fc3fdb83b633,,,
302eb40d-d0da-11f0-9ba0-fc3fdb83b633,,,
302eb457-d0da-11f0-9ba0-fc3fdb83b633,,,
302eb4a1-d0da-11f0-9ba0-fc3fdb83b633,,,
302eb4eb-d0da-11f0-9ba0-fc3fdb83b633,,,
302eb532-d0da-11f0-9ba0-fc3fdb83b633,,,
302eb57c-d0da-11f0-9ba0-fc3fdb83b633,,,
302eb5c9-d0da-11f0-9ba0-fc3fdb83b633,,,
302eb618-d0da-11f0-9ba0-fc3fdb83b633,,,
302eb661-d0da-11f0-9ba0-fc3fdb83b633,,,
302eb6a9-d0da-11f0-9ba0-fc3fdb83b633,,,
302eb6f2-d0da-11f0-9ba0-fc3fdb83b633,,,
302eb73e-d0da-11f0-9ba0-fc3fdb83b633,,,
302eb788-d0da-11f0-9ba0-fc3fdb83b633,,,
302eb7d2-d0da-11f0-9ba0-fc3fdb83b633,,,
302eb81b-d0da-11f0-9ba0-fc3fdb83b633,,,
302eb864-d0da-11f0-9ba0-fc3fdb83b633,,,
302eb8ae-d0da-11f0-9ba0-fc3fdb83b633,,,
302eb8f6-d0da-11f0-9ba0-fc3fdb83b633,,,
302eb93e-d0da-11f0-9ba0-fc3fdb83b633,,,
302eb989-d0da-11f0-9ba0-fc3fdb83b633,,,
302eb9d2-d0da-11f0-9ba0-fc3fdb83b633,,,
302eba1b-d0da-11f0-9ba0-fc3fdb83b633,,,
302eba64-d0da-11f0-9ba0-fc3fdb83b633,,,
302ebaad-d0da-11f0-9ba0-fc3fdb83b633,,,
302ebaf6-d0da-11f0-9ba0-fc3fdb83b633,,,
302ebb5a-d0da-11f0-9ba0-fc3fdb83b633,,,
302ebbce-d0da-11f0-9ba0-fc3fdb83b633,,,
302ebc48-d0da-11f0-9ba0-fc3fdb83b633,,,
302ebcb5-d0da-11f0-9ba0-fc3fdb83b633,,,
302ebd2f-d0da-11f0-9ba0-fc3fdb83b633,,,
302ebd7a-d0da-11f0-9ba0-fc3fdb83b633,,,
302ebdc7-d0da-11f0-9ba0-fc3fdb83b633,,,
302ebe11-d0da-11f0-9ba0-fc3fdb83b633,,,
302ebe5a-d0da-11f0-9ba0-fc3fdb83b633,,,
302ebea8-d0da-11f0-9ba0-fc3fdb83b633,,,
302ebef4-d0da-11f0-9ba0-fc3fdb83b633,,,
302ebf3e-d0da-11f0-9ba0-fc3fdb83b633,,,
302ebf84-d0da-11f0-9ba0-fc3fdb83b633,,,
302ebfcd-d0da-11f0-9ba0-fc3fdb83b633,,,
302ec015-d0da-11f0-9ba0-fc3fdb83b633,,,
302ec05b-d0da-11f0-9ba0-fc3fdb83b633,,,
302ec0a1-d0da-11f0-9ba0-fc3fdb83b633,,,
302ec11d-d0da-11f0-9ba0-fc3fdb83b633,,,
302ec168-d0da-11f0-9ba0-fc3fdb83b633,,,
302ec1ae-d0da-11f0-9ba0-fc3fdb83b633,,,
302ec1f5-d0da-11f0-9ba0-fc3fdb83b633,,,
302ec23d-d0da-11f0-9ba0-fc3fdb83b633,,,
302ec283-d0da-11f0-9ba0-fc3fdb83b633,,,
302ec2ce-d0da-11f0-9ba0-fc3fdb83b633,,,
302ec366-d0da-11f0-9ba0-fc3fdb83b633,,,
302ec3b1-d0da-11f0-9ba0-fc3fdb83b633,,,
302ec3fa-d0da-11f0-9ba0-fc3fdb83b633,,,
302ec442-d0da-11f0-9ba0-fc3fdb83b633,,,
302ec488-d0da-11f0-9ba0-fc3fdb83b633,,,
302ec4cf-d0da-11f0-9ba0-fc3fdb83b633,,,
302ec517-d0da-11f0-9ba0-fc3fdb83b633,,,
302ec55e-d0da-11f0-9ba0-fc3fdb83b633,,,
302ec5a6-d0da-11f0-9ba0-fc3fdb83b633,,,
302ec5ef-d0da-11f0-9ba0-fc3fdb83b633,,,
302ec63a-d0da-11f0-9ba0-fc3fdb83b633,,,
302ec681-d0da-11f0-9ba0-fc3fdb83b633,,,
302ec6c9-d0da-11f0-9ba0-fc3fdb83b633,,,
302ec70f-d0da-11f0-9ba0-fc3fdb83b633,,,
302ec756-d0da-11f0-9ba0-fc3fdb83b633,,,
302ec79f-d0da-11f0-9ba0-fc3fdb83b633,,,
302ec7e6-d0da-11f0-9ba0-fc3fdb83b633,,,
302ec82b-d0da-11f0-9ba0-fc3fdb83b633,,,
302ec872-d0da-11f0-9ba0-fc3fdb83b633,,,
302ec8b7-d0da-11f0-9ba0-fc3fdb83b633,,,
302ec8fe-d0da-11f0-9ba0-fc3fdb83b633,,,
302ec946-d0da-11f0-9ba0-fc3fdb83b633,,,
302ec98c-d0da-11f0-9ba0-fc3fdb83b633,,,
302ec9d3-d0da-11f0-9ba0-fc3fdb83b633,,,
302eca19-d0da-11f0-9ba0-fc3fdb83b633,,,
302eca62-d0da-11f0-9ba0-fc3fdb83b633,,,
302ecaae-d0da-11f0-9ba0-fc3fdb83b633,,,
302ecafa-d0da-11f0-9ba0-fc3fdb83b633,,,
302ecb46-d0da-11f0-9ba0-fc3fdb83b633,,,
302ecb90-d0da-11f0-9ba0-fc3fdb83b633,,,
302ecbd9-d0da-11f0-9ba0-fc3fdb83b633,,,
302ecc23-d0da-11f0-9ba0-fc3fdb83b633,,,
302ecc6c-d0da-11f0-9ba0-fc3fdb83b633,,,
302eccb4-d0da-11f0-9ba0-fc3fdb83b633,,,
302eccfd-d0da-11f0-9ba0-fc3fdb83b633,,,
302ecd47-d0da-11f0-9ba0-fc3fdb83b633,,,
302ecd91-d0da-11f0-9ba0-fc3fdb83b633,,,
302ecddb-d0da-11f0-9ba0-fc3fdb83b633,,,
302ece25-d0da-11f0-9ba0-fc3fdb83b633,,,
302ece6c-d0da-11f0-9ba0-fc3fdb83b633,,,
302eceb5-d0da-11f0-9ba0-fc3fdb83b633,,,
302ecf00-d0da-11f0-9ba0-fc3fdb83b633,,,
302ecf49-d0da-11f0-9ba0-fc3fdb83b633,,,
302ecf93-d0da-11f0-9ba0-fc3fdb83b633,,,
302ecfdd-d0da-11f0-9ba0-fc3fdb83b633,,,
302ed027-d0da-11f0-9ba0-fc3fdb83b633,,,
302ed070-d0da-11f0-9ba0-fc3fdb83b633,,,
302ed0b9-d0da-11f0-9ba0-fc3fdb83b633,,,
302ed103-d0da-11f0-9ba0-fc3fdb83b633,,,
302ed14c-d0da-11f0-9ba0-fc3fdb83b633,,,
302ed199-d0da-11f0-9ba0-fc3fdb83b633,,,
302ed1e2-d0da-11f0-9ba0-fc3fdb83b633,,,
302ed22b-d0da-11f0-9ba0-fc3fdb83b633,,,
302ed273-d0da-11f0-9ba0-fc3fdb83b633,,,
302ed2bd-d0da-11f0-9ba0-fc3fdb83b633,,,
302ed306-d0da-11f0-9ba0-fc3fdb83b633,,,
302ed34f-d0da-11f0-9ba0-fc3fdb83b633,,,
302ed39e-d0da-11f0-9ba0-fc3fdb83b633,,,
302ed3e9-d0da-11f0-9ba0-fc3fdb83b633,,,
302ed433-d0da-11f0-9ba0-fc3fdb83b633,,,
302ed47b-d0da-11f0-9ba0-fc3fdb83b633,,,
302ed4c5-d0da-11f0-9ba0-fc3fdb83b633,,,
302ed512-d0da-11f0-9ba0-fc3fdb83b633,,,
302ed55c-d0da-11f0-9ba0-fc3fdb83b633,,,
302ed641-d0da-11f0-9ba0-fc3fdb83b633,,,
302ed691-d0da-11f0-9ba0-fc3fdb83b633,,,
302ed6e0-d0da-11f0-9ba0-fc3fdb83b633,,,
302ed72e-d0da-11f0-9ba0-fc3fdb83b633,,,
302ed779-d0da-11f0-9ba0-fc3fdb83b633,,,
302ed7c5-d0da-11f0-9ba0-fc3fdb83b633,,,
302ed810-d0da-11f0-9ba0-fc3fdb83b633,,,
302ed85d-d0da-11f0-9ba0-fc3fdb83b633,,,
302ed8a9-d0da-11f0-9ba0-fc3fdb83b633,,,
302ed8f5-d0da-11f0-9ba0-fc3fdb83b633,,,
302ed942-d0da-11f0-9ba0-fc3fdb83b633,,,
302ed98e-d0da-11f0-9ba0-fc3fdb83b633,,,
302ed9d9-d0da-11f0-9ba0-fc3fdb83b633,,,
302eda24-d0da-11f0-9ba0-fc3fdb83b633,,,
302eda6d-d0da-11f0-9ba0-fc3fdb83b633,,,
302edabb-d0da-11f0-9ba0-fc3fdb83b633,,,
302edb07-d0da-11f0-9ba0-fc3fdb83b633,,,
302edb52-d0da-11f0-9ba0-fc3fdb83b633,,,
302edb9d-d0da-11f0-9ba0-fc3fdb83b633,,,
302edbea-d0da-11f0-9ba0-fc3fdb83b633,,,
302edc35-d0da-11f0-9ba0-fc3fdb83b633,,,
302edc7f-d0da-11f0-9ba0-fc3fdb83b633,,,
302edccb-d0da-11f0-9ba0-fc3fdb83b633,,,
302edd18-d0da-11f0-9ba0-fc3fdb83b633,,,
302edd63-d0da-11f0-9ba0-fc3fdb83b633,,,
302eddae-d0da-11f0-9ba0-fc3fdb83b633,,,
302eddf8-d0da-11f0-9ba0-fc3fdb83b633,,,
302ede44-d0da-11f0-9ba0-fc3fdb83b633,,,
302ede8d-d0da-11f0-9ba0-fc3fdb83b633,,,
302eded7-d0da-11f0-9ba0-fc3fdb83b633,,,
302edf22-d0da-11f0-9ba0-fc3fdb83b633,,,
302edf6d-d0da-11f0-9ba0-fc3fdb83b633,,,
302edfb8-d0da-11f0-9ba0-fc3fdb83b633,,,
302ee004-d0da-11f0-9ba0-fc3fdb83b633,,,
302ee04e-d0da-11f0-9ba0-fc3fdb83b633,,,
302ee09b-d0da-11f0-9ba0-fc3fdb83b633,,,
302ee0e5-d0da-11f0-9ba0-fc3fdb83b633,,,
302ee131-d0da-11f0-9ba0-fc3fdb83b633,,,
302ee17e-d0da-11f0-9ba0-fc3fdb83b633,,,
302ee1cc-d0da-11f0-9ba0-fc3fdb83b633,,,
302ee214-d0da-11f0-9ba0-fc3fdb83b633,,,
302ee260-d0da-11f0-9ba0-fc3fdb83b633,,,
302ee2aa-d0da-11f0-9ba0-fc3fdb83b633,,,
302ee2f5-d0da-11f0-9ba0-fc3fdb83b633,,,
302ee340-d0da-11f0-9ba0-fc3fdb83b633,,,
302ee38b-d0da-11f0-9ba0-fc3fdb83b633,,,
302ee3d5-d0da-11f0-9ba0-fc3fdb83b633,,,
302ee41f-d0da-11f0-9ba0-fc3fdb83b633,,,
302ee46a-d0da-11f0-9ba0-fc3fdb83b633,,,
302ee4b3-d0da-11f0-9ba0-fc3fdb83b633,,,
302ee4fc-d0da-11f0-9ba0-fc3fdb83b633,,,
302ee544-d0da-11f0-9ba0-fc3fdb83b633,,,
302ee58c-d0da-11f0-9ba0-fc3fdb83b633,,,
302ee5d7-d0da-11f0-9ba0-fc3fdb83b633,,,
302ee61f-d0da-11f0-9ba0-fc3fdb83b633,,,
302ee669-d0da-11f0-9ba0-fc3fdb83b633,,,
302ee6b0-d0da-11f0-9ba0-fc3fdb83b633,,,
302ee6fa-d0da-11f0-9ba0-fc3fdb83b633,,,
302ee745-d0da-11f0-9ba0-fc3fdb83b633,,,
302ee791-d0da-11f0-9ba0-fc3fdb83b633,,,
302ee7dd-d0da-11f0-9ba0-fc3fdb83b633,,,
302ee865-d0da-11f0-9ba0-fc3fdb83b633,,,
302ee8b3-d0da-11f0-9ba0-fc3fdb83b633,,,
302ee901-d0da-11f0-9ba0-fc3fdb83b633,,,
302ee94c-d0da-11f0-9ba0-fc3fdb83b633,,,
302ee997-d0da-11f0-9ba0-fc3fdb83b633,,,
302ee9e6-d0da-11f0-9ba0-fc3fdb83b633,,,
302eea31-d0da-11f0-9ba0-fc3fdb83b633,,,
302eea7c-d0da-11f0-9ba0-fc3fdb83b633,,,
302eeac5-d0da-11f0-9ba0-fc3fdb83b633,,,
302eeb0f-d0da-11f0-9ba0-fc3fdb83b633,,,
302eeb5a-d0da-11f0-9ba0-fc3fdb83b633,,,
302eeba3-d0da-11f0-9ba0-fc3fdb83b633,,,
302eebed-d0da-11f0-9ba0-fc3fdb83b633,,,
302eec36-d0da-11f0-9ba0-fc3fdb83b633,,,
302eec81-d0da-11f0-9ba0-fc3fdb83b633,,,
302eeccc-d0da-11f0-9ba0-fc3fdb83b633,,,
302eed18-d0da-11f0-9ba0-fc3fdb83b633,,,
302eed62-d0da-11f0-9ba0-fc3fdb83b633,,,
302eedb1-d0da-11f0-9ba0-fc3fdb83b633,,,
302eedfd-d0da-11f0-9ba0-fc3fdb83b633,,,
302eee49-d0da-11f0-9ba0-fc3fdb83b633,,,
302eee94-d0da-11f0-9ba0-fc3fdb83b633,,,
302eeee4-d0da-11f0-9ba0-fc3fdb83b633,,,
302eef2f-d0da-11f0-9ba0-fc3fdb83b633,,,
302eef7a-d0da-11f0-9ba0-fc3fdb83b633,,,
302eefc5-d0da-11f0-9ba0-fc3fdb83b633,,,
302ef010-d0da-11f0-9ba0-fc3fdb83b633,,,
302ef05e-d0da-11f0-9ba0-fc3fdb83b633,,,
302ef0ab-d0da-11f0-9ba0-fc3fdb83b633,,,
302ef0f6-d0da-11f0-9ba0-fc3fdb83b633,,,
302ef143-d0da-11f0-9ba0-fc3fdb83b633,,,
302ef191-d0da-11f0-9ba0-fc3fdb83b633,,,
302ef1da-d0da-11f0-9ba0-fc3fdb83b633,,,
302ef224-d0da-11f0-9ba0-fc3fdb83b633,,,
302ef26c-d0da-11f0-9ba0-fc3fdb83b633,,,
302ef2c0-d0da-11f0-9ba0-fc3fdb83b633,,,
302ef30e-d0da-11f0-9ba0-fc3fdb83b633,,,
302ef359-d0da-11f0-9ba0-fc3fdb83b633,,,
302ef3a5-d0da-11f0-9ba0-fc3fdb83b633,,,
302ef3ee-d0da-11f0-9ba0-fc3fdb83b633,,,
302ef439-d0da-11f0-9ba0-fc3fdb83b633,,,
302ef485-d0da-11f0-9ba0-fc3fdb83b633,,,
302ef4d2-d0da-11f0-9ba0-fc3fdb83b633,,,
302ef51b-d0da-11f0-9ba0-fc3fdb83b633,,,
302ef568-d0da-11f0-9ba0-fc3fdb83b633,,,
302ef5b2-d0da-11f0-9ba0-fc3fdb83b633,,,
302ef5ff-d0da-11f0-9ba0-fc3fdb83b633,,,
302ef64b-d0da-11f0-9ba0-fc3fdb83b633,,,
302ef693-d0da-11f0-9ba0-fc3fdb83b633,,,
302ef6db-d0da-11f0-9ba0-fc3fdb83b633,,,
302ef725-d0da-11f0-9ba0-fc3fdb83b633,,,
302ef76d-d0da-11f0-9ba0-fc3fdb83b633,,,
302ef7b4-d0da-11f0-9ba0-fc3fdb83b633,,,
302ef7fe-d0da-11f0-9ba0-fc3fdb83b633,,,
302ef846-d0da-11f0-9ba0-fc3fdb83b633,,,
302ef88d-d0da-11f0-9ba0-fc3fdb83b633,,,
302ef8d4-d0da-11f0-9ba0-fc3fdb83b633,,,
302ef9bc-d0da-11f0-9ba0-fc3fdb83b633,,,
302efa0d-d0da-11f0-9ba0-fc3fdb83b633,,,
302efa5b-d0da-11f0-9ba0-fc3fdb83b633,,,
302efaaa-d0da-11f0-9ba0-fc3fdb83b633,,,
302efaf3-d0da-11f0-9ba0-fc3fdb83b633,,,
302efb3e-d0da-11f0-9ba0-fc3fdb83b633,,,
302efb8b-d0da-11f0-9ba0-fc3fdb83b633,,,
302efbdc-d0da-11f0-9ba0-fc3fdb83b633,,,
302efc2c-d0da-11f0-9ba0-fc3fdb83b633,,,
302efc79-d0da-11f0-9ba0-fc3fdb83b633,,,
302efcc6-d0da-11f0-9ba0-fc3fdb83b633,,,
302efd14-d0da-11f0-9ba0-fc3fdb83b633,,,
302efd61-d0da-11f0-9ba0-fc3fdb83b633,,,
302efdb0-d0da-11f0-9ba0-fc3fdb83b633,,,
302efdfe-d0da-11f0-9ba0-fc3fdb83b633,,,
302efe57-d0da-11f0-9ba0-fc3fdb83b633,,,
302efea5-d0da-11f0-9ba0-fc3fdb83b633,,,
302efef1-d0da-11f0-9ba0-fc3fdb83b633,,,
302eff42-d0da-11f0-9ba0-fc3fdb83b633,,,
302eff91-d0da-11f0-9ba0-fc3fdb83b633,,,
302effe0-d0da-11f0-9ba0-fc3fdb83b633,,,
302f0030-d0da-11f0-9ba0-fc3fdb83b633,,,
302f007e-d0da-11f0-9ba0-fc3fdb83b633,,,
302f00cd-d0da-11f0-9ba0-fc3fdb83b633,,,
302f011a-d0da-11f0-9ba0-fc3fdb83b633,,,
302f0167-d0da-11f0-9ba0-fc3fdb83b633,,,
302f01b3-d0da-11f0-9ba0-fc3fdb83b633,,,
302f0208-d0da-11f0-9ba0-fc3fdb83b633,,,
302f0253-d0da-11f0-9ba0-fc3fdb83b633,,,
302f029d-d0da-11f0-9ba0-fc3fdb83b633,,,
302f02e8-d0da-11f0-9ba0-fc3fdb83b633,,,
302f0334-d0da-11f0-9ba0-fc3fdb83b633,,,
302f0381-d0da-11f0-9ba0-fc3fdb83b633,,,
302f03cc-d0da-11f0-9ba0-fc3fdb83b633,,,
302f0417-d0da-11f0-9ba0-fc3fdb83b633,,,
302f0462-d0da-11f0-9ba0-fc3fdb83b633,,,
302f04ad-d0da-11f0-9ba0-fc3fdb83b633,,,
302f04f5-d0da-11f0-9ba0-fc3fdb83b633,,,
302f053d-d0da-11f0-9ba0-fc3fdb83b633,,,
302f0585-d0da-11f0-9ba0-fc3fdb83b633,,,
302f05cd-d0da-11f0-9ba0-fc3fdb83b633,,,
302f0615-d0da-11f0-9ba0-fc3fdb83b633,,,
302f065c-d0da-11f0-9ba0-fc3fdb83b633,,,
302f06a8-d0da-11f0-9ba0-fc3fdb83b633,,,
302f06f5-d0da-11f0-9ba0-fc3fdb83b633,,,
302f0742-d0da-11f0-9ba0-fc3fdb83b633,,,
302f078d-d0da-11f0-9ba0-fc3fdb83b633,,,
302f07db-d0da-11f0-9ba0-fc3fdb83b633,,,
302f0826-d0da-11f0-9ba0-fc3fdb83b633,,,
302f0871-d0da-11f0-9ba0-fc3fdb83b633,,,
302f08bb-d0da-11f0-9ba0-fc3fdb83b633,,,
302f0908-d0da-11f0-9ba0-fc3fdb83b633,,,
302f0951-d0da-11f0-9ba0-fc3fdb83b633,,,
302f099e-d0da-11f0-9ba0-fc3fdb83b633,,,
302f09e9-d0da-11f0-9ba0-fc3fdb83b633,,,
302f0a36-d0da-11f0-9ba0-fc3fdb83b633,,,
302f0a82-d0da-11f0-9ba0-fc3fdb83b633,,,
302f0acf-d0da-11f0-9ba0-fc3fdb83b633,,,
302f0b1c-d0da-11f0-9ba0-fc3fdb83b633,,,
302f0b69-d0da-11f0-9ba0-fc3fdb83b633,,,
302f0bb7-d0da-11f0-9ba0-fc3fdb83b633,,,
302f0c06-d0da-11f0-9ba0-fc3fdb83b633,,,
302f0c56-d0da-11f0-9ba0-fc3fdb83b633,,,
302f0ca0-d0da-11f0-9ba0-fc3fdb83b633,,,
302f0cf6-d0da-11f0-9ba0-fc3fdb83b633,,,
302f0d39-d0da-11f0-9ba0-fc3fdb83b633,,,
302f0d7d-d0da-11f0-9ba0-fc3fdb83b633,,,
302f0dc1-d0da-11f0-9ba0-fc3fdb83b633,,,
302f0dfe-d0da-11f0-9ba0-fc3fdb83b633,,,
302f0e45-d0da-11f0-9ba0-fc3fdb83b633,,,
302f0e8d-d0da-11f0-9ba0-fc3fdb83b633,,,
302f0ed3-d0da-11f0-9ba0-fc3fdb83b633,,,
302f0fa6-d0da-11f0-9ba0-fc3fdb83b633,,,
302f0ff3-d0da-11f0-9ba0-fc3fdb83b633,,,
302f1031-d0da-11f0-9ba0-fc3fdb83b633,,,
302f107b-d0da-11f0-9ba0-fc3fdb83b633,,,
302f10bd-d0da-11f0-9ba0-fc3fdb83b633,,,
302f10fe-d0da-11f0-9ba0-fc3fdb83b633,,,
302f1146-d0da-11f0-9ba0-fc3fdb83b633,,,
302f118c-d0da-11f0-9ba0-fc3fdb83b633,,,
302f11d1-d0da-11f0-9ba0-fc3fdb83b633,,,
302f1211-d0da-11f0-9ba0-fc3fdb83b633,,,
302f1290-d0da-11f0-9ba0-fc3fdb83b633,,,
302f1339-d0da-11f0-9ba0-fc3fdb83b633,,,
302f13ba-d0da-11f0-9ba0-fc3fdb83b633,,,
302f145f-d0da-11f0-9ba0-fc3fdb83b633,,,
302f14b3-d0da-11f0-9ba0-fc3fdb83b633,,,
302f14fd-d0da-11f0-9ba0-fc3fdb83b633,,,
302f1544-d0da-11f0-9ba0-fc3fdb83b633,,,
302f158c-d0da-11f0-9ba0-fc3fdb83b633,,,
302f1613-d0da-11f0-9ba0-fc3fdb83b633,,,
302f1683-d0da-11f0-9ba0-fc3fdb83b633,,,
302f16ce-d0da-11f0-9ba0-fc3fdb83b633,,,
302f1745-d0da-11f0-9ba0-fc3fdb83b633,,,
302f17aa-d0da-11f0-9ba0-fc3fdb83b633,,,
302f17de-d0da-11f0-9ba0-fc3fdb83b633,,,
302f180d-d0da-11f0-9ba0-fc3fdb83b633,,,
302f183c-d0da-11f0-9ba0-fc3fdb83b633,,,
302f186a-d0da-11f0-9ba0-fc3fdb83b633,,,
302f1899-d0da-11f0-9ba0-fc3fdb83b633,,,
302f18c7-d0da-11f0-9ba0-fc3fdb83b633,,,
302f18f5-d0da-11f0-9ba0-fc3fdb83b633,,,
302f1921-d0da-11f0-9ba0-fc3fdb83b633,,,
302f194c-d0da-11f0-9ba0-fc3fdb83b633,,,
302f1979-d0da-11f0-9ba0-fc3fdb83b633,,,
302f19a5-d0da-11f0-9ba0-fc3fdb83b633,,,
302f19d1-d0da-11f0-9ba0-fc3fdb83b633,,,
302f19ff-d0da-11f0-9ba0-fc3fdb83b633,,,
302f1a2b-d0da-11f0-9ba0-fc3fdb83b633,,,
302f1a57-d0da-11f0-9ba0-fc3fdb83b633,,,
302f1a83-d0da-11f0-9ba0-fc3fdb83b633,,,
302f1aaf-d0da-11f0-9ba0-fc3fdb83b633,,,
302f1adb-d0da-11f0-9ba0-fc3fdb83b633,,,
302f1b09-d0da-11f0-9ba0-fc3fdb83b633,,,
302f1b34-d0da-11f0-9ba0-fc3fdb83b633,,,
302f1b60-d0da-11f0-9ba0-fc3fdb83b633,,,
302f1b8c-d0da-11f0-9ba0-fc3fdb83b633,,,
302f1bb7-d0da-11f0-9ba0-fc3fdb83b633,,,
302f1be2-d0da-11f0-9ba0-fc3fdb83b633,,,
302f1c10-d0da-11f0-9ba0-fc3fdb83b633,,,
302f1c3d-d0da-11f0-9ba0-fc3fdb83b633,,,
302f1c6b-d0da-11f0-9ba0-fc3fdb83b633,,,
302f1c99-d0da-11f0-9ba0-fc3fdb83b633,,,
302f1cc7-d0da-11f0-9ba0-fc3fdb83b633,,,
302f1cf4-d0da-11f0-9ba0-fc3fdb83b633,,,
302f1d22-d0da-11f0-9ba0-fc3fdb83b633,,,
302f1d50-d0da-11f0-9ba0-fc3fdb83b633,,,
302f1d80-d0da-11f0-9ba0-fc3fdb83b633,,,
302f1e37-d0da-11f0-9ba0-fc3fdb83b633,,,
302f1e6d-d0da-11f0-9ba0-fc3fdb83b633,,,
302f1e9d-d0da-11f0-9ba0-fc3fdb83b633,,,
302f1ece-d0da-11f0-9ba0-fc3fdb83b633,,,
302f1efe-d0da-11f0-9ba0-fc3fdb83b633,,,
302f1f2d-d0da-11f0-9ba0-fc3fdb83b633,,,
302f1f5a-d0da-11f0-9ba0-fc3fdb83b633,,,
302f1f88-d0da-11f0-9ba0-fc3fdb83b633,,,
302f1fb6-d0da-11f0-9ba0-fc3fdb83b633,,,
302f1fe3-d0da-11f0-9ba0-fc3fdb83b633,,,
302f2011-d0da-11f0-9ba0-fc3fdb83b633,,,
302f203f-d0da-11f0-9ba0-fc3fdb83b633,,,
302f206c-d0da-11f0-9ba0-fc3fdb83b633,,,
302f2099-d0da-11f0-9ba0-fc3fdb83b633,,,
302f20c7-d0da-11f0-9ba0-fc3fdb83b633,,,
302f20f3-d0da-11f0-9ba0-fc3fdb83b633,,,
302f211f-d0da-11f0-9ba0-fc3fdb83b633,,,
302f2149-d0da-11f0-9ba0-fc3fdb83b633,,,
302f2177-d0da-11f0-9ba0-fc3fdb83b633,,,
302f21a4-d0da-11f0-9ba0-fc3fdb83b633,,,
302f21cf-d0da-11f0-9ba0-fc3fdb83b633,,,
302f21fb-d0da-11f0-9ba0-fc3fdb83b633,,,
302f2226-d0da-11f0-9ba0-fc3fdb83b633,,,
302f2253-d0da-11f0-9ba0-fc3fdb83b633,,,
302f227e-d0da-11f0-9ba0-fc3fdb83b633,,,
302f22aa-d0da-11f0-9ba0-fc3fdb83b633,,,
302f22d5-d0da-11f0-9ba0-fc3fdb83b633,,,
302f2302-d0da-11f0-9ba0-fc3fdb83b633,,,
302f232d-d0da-11f0-9ba0-fc3fdb83b633,,,
302f2359-d0da-11f0-9ba0-fc3fdb83b633,,,
302f2384-d0da-11f0-9ba0-fc3fdb83b633,,,
302f23b2-d0da-11f0-9ba0-fc3fdb83b633,,,
302f23dc-d0da-11f0-9ba0-fc3fdb83b633,,,
302f2407-d0da-11f0-9ba0-fc3fdb83b633,,,
302f2432-d0da-11f0-9ba0-fc3fdb83b633,,,
302f245f-d0da-11f0-9ba0-fc3fdb83b633,,,
302f248b-d0da-11f0-9ba0-fc3fdb83b633,,,
302f24b7-d0da-11f0-9ba0-fc3fdb83b633,,,
302f24e2-d0da-11f0-9ba0-fc3fdb83b633,,,
302f250f-d0da-11f0-9ba0-fc3fdb83b633,,,
302f253a-d0da-11f0-9ba0-fc3fdb83b633,,,
302f2567-d0da-11f0-9ba0-fc3fdb83b633,,,
302f2591-d0da-11f0-9ba0-fc3fdb83b633,,,
302f25be-d0da-11f0-9ba0-fc3fdb83b633,,,
302f25ea-d0da-11f0-9ba0-fc3fdb83b633,,,
302f2615-d0da-11f0-9ba0-fc3fdb83b633,,,
302f2640-d0da-11f0-9ba0-fc3fdb83b633,,,
302f266c-d0da-11f0-9ba0-fc3fdb83b633,,,
302f2698-d0da-11f0-9ba0-fc3fdb83b633,,,
302f26c3-d0da-11f0-9ba0-fc3fdb83b633,,,
302f26ee-d0da-11f0-9ba0-fc3fdb83b633,,,
302f271a-d0da-11f0-9ba0-fc3fdb83b633,,,
302f277c-d0da-11f0-9ba0-fc3fdb83b633,,,
302f27a9-d0da-11f0-9ba0-fc3fdb83b633,,,
302f27d5-d0da-11f0-9ba0-fc3fdb83b633,,,
302f2803-d0da-11f0-9ba0-fc3fdb83b633,,,
302f2830-d0da-11f0-9ba0-fc3fdb83b633,,,
302f285d-d0da-11f0-9ba0-fc3fdb83b633,,,
302f288a-d0da-11f0-9ba0-fc3fdb83b633,,,
302f28b7-d0da-11f0-9ba0-fc3fdb83b633,,,
302f28e4-d0da-11f0-9ba0-fc3fdb83b633,,,
302f2911-d0da-11f0-9ba0-fc3fdb83b633,,,
302f293e-d0da-11f0-9ba0-fc3fdb83b633,,,
302f296d-d0da-11f0-9ba0-fc3fdb83b633,,,
302f2999-d0da-11f0-9ba0-fc3fdb83b633,,,
302f29c6-d0da-11f0-9ba0-fc3fdb83b633,,,
302f29f3-d0da-11f0-9ba0-fc3fdb83b633,,,
302f2a21-d0da-11f0-9ba0-fc3fdb83b633,,,
302f2a4e-d0da-11f0-9ba0-fc3fdb83b633,,,
302f2a7b-d0da-11f0-9ba0-fc3fdb83b633,,,
302f2aa7-d0da-11f0-9ba0-fc3fdb83b633,,,
302f2ad5-d0da-11f0-9ba0-fc3fdb83b633,,,
302f2b03-d0da-11f0-9ba0-fc3fdb83b633,,,
302f2b30-d0da-11f0-9ba0-fc3fdb83b633,,,
302f2b5d-d0da-11f0-9ba0-fc3fdb83b633,,,
302f2b93-d0da-11f0-9ba0-fc3fdb83b633,,,
302f2bc2-d0da-11f0-9ba0-fc3fdb83b633,,,
302f2bf0-d0da-11f0-9ba0-fc3fdb83b633,,,
302f2c1c-d0da-11f0-9ba0-fc3fdb83b633,,,
302f2c4a-d0da-11f0-9ba0-fc3fdb83b633,,,
302f2c77-d0da-11f0-9ba0-fc3fdb83b633,,,
302f2ca6-d0da-11f0-9ba0-fc3fdb83b633,,,
302f2cd3-d0da-11f0-9ba0-fc3fdb83b633,,,
302f2d02-d0da-11f0-9ba0-fc3fdb83b633,,,
302f2d30-d0da-11f0-9ba0-fc3fdb83b633,,,
302f2d5c-d0da-11f0-9ba0-fc3fdb83b633,,,
302f2d89-d0da-11f0-9ba0-fc3fdb83b633,,,
302f2db8-d0da-11f0-9ba0-fc3fdb83b633,,,
302f2de5-d0da-11f0-9ba0-fc3fdb83b633,,,
302f2e11-d0da-11f0-9ba0-fc3fdb83b633,,,
302f2e3e-d0da-11f0-9ba0-fc3fdb83b633,,,
302f2e6b-d0da-11f0-9ba0-fc3fdb83b633,,,
302f2e9b-d0da-11f0-9ba0-fc3fdb83b633,,,
302f2ec9-d0da-11f0-9ba0-fc3fdb83b633,,,
302f2ef7-d0da-11f0-9ba0-fc3fdb83b633,,,
302f2f25-d0da-11f0-9ba0-fc3fdb83b633,,,
302f2f52-d0da-11f0-9ba0-fc3fdb83b633,,,
302f2f7f-d0da-11f0-9ba0-fc3fdb83b633,,,
302f2fab-d0da-11f0-9ba0-fc3fdb83b633,,,
302f2fd7-d0da-11f0-9ba0-fc3fdb83b633,,,
302f3004-d0da-11f0-9ba0-fc3fdb83b633,,,
302f302f-d0da-11f0-9ba0-fc3fdb83b633,,,
302f305a-d0da-11f0-9ba0-fc3fdb83b633,,,
302f3088-d0da-11f0-9ba0-fc3fdb83b633,,,
302f30b6-d0da-11f0-9ba0-fc3fdb83b633,,,
302f30e4-d0da-11f0-9ba0-fc3fdb83b633,,,
302f3112-d0da-11f0-9ba0-fc3fdb83b633,,,
302f3140-d0da-11f0-9ba0-fc3fdb83b633,,,
302f316d-d0da-11f0-9ba0-fc3fdb83b633,,,
302f319b-d0da-11f0-9ba0-fc3fdb83b633,,,
302f31c8-d0da-11f0-9ba0-fc3fdb83b633,,,
302f31f6-d0da-11f0-9ba0-fc3fdb83b633,,,
302f3224-d0da-11f0-9ba0-fc3fdb83b633,,,
302f3251-d0da-11f0-9ba0-fc3fdb83b633,,,
302f327e-d0da-11f0-9ba0-fc3fdb83b633,,,
302f32ae-d0da-11f0-9ba0-fc3fdb83b633,,,
302f32db-d0da-11f0-9ba0-fc3fdb83b633,,,
302f3308-d0da-11f0-9ba0-fc3fdb83b633,,,
302f3335-d0da-11f0-9ba0-fc3fdb83b633,,,
302f3363-d0da-11f0-9ba0-fc3fdb83b633,,,
302f3390-d0da-11f0-9ba0-fc3fdb83b633,,,
302f33bd-d0da-11f0-9ba0-fc3fdb83b633,,,
302f33ea-d0da-11f0-9ba0-fc3fdb83b633,,,
302f3418-d0da-11f0-9ba0-fc3fdb83b633,,,
302f3446-d0da-11f0-9ba0-fc3fdb83b633,,,
302f3472-d0da-11f0-9ba0-fc3fdb83b633,,,
302f34fc-d0da-11f0-9ba0-fc3fdb83b633,,,
302f3532-d0da-11f0-9ba0-fc3fdb83b633,,,
302f3564-d0da-11f0-9ba0-fc3fdb83b633,,,
302f3596-d0da-11f0-9ba0-fc3fdb83b633,,,
302f35c4-d0da-11f0-9ba0-fc3fdb83b633,,,
302f35f3-d0da-11f0-9ba0-fc3fdb83b633,,,
302f3674-d0da-11f0-9ba0-fc3fdb83b633,,,
302f36a7-d0da-11f0-9ba0-fc3fdb83b633,,,
302f36d4-d0da-11f0-9ba0-fc3fdb83b633,,,
302f3701-d0da-11f0-9ba0-fc3fdb83b633,,,
302f372e-d0da-11f0-9ba0-fc3fdb83b633,,,
302f375a-d0da-11f0-9ba0-fc3fdb83b633,,,
302f3786-d0da-11f0-9ba0-fc3fdb83b633,,,
302f37b1-d0da-11f0-9ba0-fc3fdb83b633,,,
302f37dc-d0da-11f0-9ba0-fc3fdb83b633,,,
302f3808-d0da-11f0-9ba0-fc3fdb83b633,,,
302f3833-d0da-11f0-9ba0-fc3fdb83b633,,,
302f385e-d0da-11f0-9ba0-fc3fdb83b633,,,
302f3889-d0da-11f0-9ba0-fc3fdb83b633,,,
302f38b4-d0da-11f0-9ba0-fc3fdb83b633,,,
302f38df-d0da-11f0-9ba0-fc3fdb83b633,,,
302f390a-d0da-11f0-9ba0-fc3fdb83b633,,,
302f3935-d0da-11f0-9ba0-fc3fdb83b633,,,
302f3962-d0da-11f0-9ba0-fc3fdb83b633,,,
302f398d-d0da-11f0-9ba0-fc3fdb83b633,,,
302f39b8-d0da-11f0-9ba0-fc3fdb83b633,,,
302f39e3-d0da-11f0-9ba0-fc3fdb83b633,,,
302f3a0e-d0da-11f0-9ba0-fc3fdb83b633,,,
302f3a39-d0da-11f0-9ba0-fc3fdb83b633,,,
302f3a64-d0da-11f0-9ba0-fc3fdb83b633,,,
302f3a8e-d0da-11f0-9ba0-fc3fdb83b633,,,
302f3abb-d0da-11f0-9ba0-fc3fdb83b633,,,
302f3ae5-d0da-11f0-9ba0-fc3fdb83b633,,,
302f3b0f-d0da-11f0-9ba0-fc3fdb83b633,,,
302f3b3c-d0da-11f0-9ba0-fc3fdb83b633,,,
302f3b6a-d0da-11f0-9ba0-fc3fdb83b633,,,
302f3b97-d0da-11f0-9ba0-fc3fdb83b633,,,
302f3bc3-d0da-11f0-9ba0-fc3fdb83b633,,,
302f3bef-d0da-11f0-9ba0-fc3fdb83b633,,,
302f3c1c-d0da-11f0-9ba0-fc3fdb83b633,,,
302f3c48-d0da-11f0-9ba0-fc3fdb83b633,,,
302f3c75-d0da-11f0-9ba0-fc3fdb83b633,,,
302f3ca1-d0da-11f0-9ba0-fc3fdb83b633,,,
302f3cce-d0da-11f0-9ba0-fc3fdb83b633,,,
302f3cfa-d0da-11f0-9ba0-fc3fdb83b633,,,
302f3d26-d0da-11f0-9ba0-fc3fdb83b633,,,
302f3d52-d0da-11f0-9ba0-fc3fdb83b633,,,
302f3d7f-d0da-11f0-9ba0-fc3fdb83b633,,,
302f3dac-d0da-11f0-9ba0-fc3fdb83b633,,,
302f3dd8-d0da-11f0-9ba0-fc3fdb83b633,,,
302f3e04-d0da-11f0-9ba0-fc3fdb83b633,,,
302f3e31-d0da-11f0-9ba0-fc3fdb83b633,,,
302f3e5d-d0da-11f0-9ba0-fc3fdb83b633,,,
302f3e89-d0da-11f0-9ba0-fc3fdb83b633,,,
302f3eb5-d0da-11f0-9ba0-fc3fdb83b633,,,
302f3ee2-d0da-11f0-9ba0-fc3fdb83b633,,,
302f3f0d-d0da-11f0-9ba0-fc3fdb83b633,,,
302f3f3a-d0da-11f0-9ba0-fc3fdb83b633,,,
302f3f64-d0da-11f0-9ba0-fc3fdb83b633,,,
302f3f90-d0da-11f0-9ba0-fc3fdb83b633,,,
302f3fbb-d0da-11f0-9ba0-fc3fdb83b633,,,
302f3fe8-d0da-11f0-9ba0-fc3fdb83b633,,,
302f4015-d0da-11f0-9ba0-fc3fdb83b633,,,
302f4042-d0da-11f0-9ba0-fc3fdb83b633,,,
302f406f-d0da-11f0-9ba0-fc3fdb83b633,,,
302f409b-d0da-11f0-9ba0-fc3fdb83b633,,,
302f40c8-d0da-11f0-9ba0-fc3fdb83b633,,,
302f40f5-d0da-11f0-9ba0-fc3fdb83b633,,,
302f4122-d0da-11f0-9ba0-fc3fdb83b633,,,
302f414c-d0da-11f0-9ba0-fc3fdb83b633,,,
302f4179-d0da-11f0-9ba0-fc3fdb83b633,,,
302f41a6-d0da-11f0-9ba0-fc3fdb83b633,,,
302f41d3-d0da-11f0-9ba0-fc3fdb83b633,,,
302f4200-d0da-11f0-9ba0-fc3fdb83b633,,,
302f422d-d0da-11f0-9ba0-fc3fdb83b633,,,
302f425d-d0da-11f0-9ba0-fc3fdb83b633,,,
302f428a-d0da-11f0-9ba0-fc3fdb83b633,,,
302f42b6-d0da-11f0-9ba0-fc3fdb83b633,,,
302f42e2-d0da-11f0-9ba0-fc3fdb83b633,,,
302f4310-d0da-11f0-9ba0-fc3fdb83b633,,,
302f433b-d0da-11f0-9ba0-fc3fdb83b633,,,
302f4368-d0da-11f0-9ba0-fc3fdb83b633,,,
302f4394-d0da-11f0-9ba0-fc3fdb83b633,,,
302f43c1-d0da-11f0-9ba0-fc3fdb83b633,,,
302f43ed-d0da-11f0-9ba0-fc3fdb83b633,,,
302f441a-d0da-11f0-9ba0-fc3fdb83b633,,,
302f4445-d0da-11f0-9ba0-fc3fdb83b633,,,
302f4473-d0da-11f0-9ba0-fc3fdb83b633,,,
302f449f-d0da-11f0-9ba0-fc3fdb83b633,,,
302f44cb-d0da-11f0-9ba0-fc3fdb83b633,,,
302f44f7-d0da-11f0-9ba0-fc3fdb83b633,,,
302f4524-d0da-11f0-9ba0-fc3fdb83b633,,,
302f4550-d0da-11f0-9ba0-fc3fdb83b633,,,
302f457c-d0da-11f0-9ba0-fc3fdb83b633,,,
302f45a7-d0da-11f0-9ba0-fc3fdb83b633,,,
302f45d5-d0da-11f0-9ba0-fc3fdb83b633,,,
302f4601-d0da-11f0-9ba0-fc3fdb83b633,,,
302f462c-d0da-11f0-9ba0-fc3fdb83b633,,,
302f4658-d0da-11f0-9ba0-fc3fdb83b633,,,
302f4686-d0da-11f0-9ba0-fc3fdb83b633,,,
302f46b2-d0da-11f0-9ba0-fc3fdb83b633,,,
302f46dd-d0da-11f0-9ba0-fc3fdb83b633,,,
302f4709-d0da-11f0-9ba0-fc3fdb83b633,,,
302f4736-d0da-11f0-9ba0-fc3fdb83b633,,,
302f4763-d0da-11f0-9ba0-fc3fdb83b633,,,
302f478e-d0da-11f0-9ba0-fc3fdb83b633,,,
302f47ba-d0da-11f0-9ba0-fc3fdb83b633,,,
302f47e7-d0da-11f0-9ba0-fc3fdb83b633,,,
302f4813-d0da-11f0-9ba0-fc3fdb83b633,,,
302f483f-d0da-11f0-9ba0-fc3fdb83b633,,,
302f486b-d0da-11f0-9ba0-fc3fdb83b633,,,
302f4896-d0da-11f0-9ba0-fc3fdb83b633,,,
302f48c2-d0da-11f0-9ba0-fc3fdb83b633,,,
302f48ee-d0da-11f0-9ba0-fc3fdb83b633,,,
302f4919-d0da-11f0-9ba0-fc3fdb83b633,,,
302f4946-d0da-11f0-9ba0-fc3fdb83b633,,,
302f4971-d0da-11f0-9ba0-fc3fdb83b633,,,
302f499c-d0da-11f0-9ba0-fc3fdb83b633,,,
302f49c6-d0da-11f0-9ba0-fc3fdb83b633,,,
302f49f3-d0da-11f0-9ba0-fc3fdb83b633,,,
302f4a1d-d0da-11f0-9ba0-fc3fdb83b633,,,
302f4a49-d0da-11f0-9ba0-fc3fdb83b633,,,
302f4a74-d0da-11f0-9ba0-fc3fdb83b633,,,
302f4a9f-d0da-11f0-9ba0-fc3fdb83b633,,,
302f4aca-d0da-11f0-9ba0-fc3fdb83b633,,,
302f4af5-d0da-11f0-9ba0-fc3fdb83b633,,,
302f4b83-d0da-11f0-9ba0-fc3fdb83b633,,,
302f4bb3-d0da-11f0-9ba0-fc3fdb83b633,,,
302f4be5-d0da-11f0-9ba0-fc3fdb83b633,,,
302f4c18-d0da-11f0-9ba0-fc3fdb83b633,,,
302f4c46-d0da-11f0-9ba0-fc3fdb83b633,,,
302f4c72-d0da-11f0-9ba0-fc3fdb83b633,,,
302f4c9e-d0da-11f0-9ba0-fc3fdb83b633,,,
302f4ccb-d0da-11f0-9ba0-fc3fdb83b633,,,
302f4cf8-d0da-11f0-9ba0-fc3fdb83b633,,,
302f4d25-d0da-11f0-9ba0-fc3fdb83b633,,,
302f4d52-d0da-11f0-9ba0-fc3fdb83b633,,,
302f4d7f-d0da-11f0-9ba0-fc3fdb83b633,,,
302f4dab-d0da-11f0-9ba0-fc3fdb83b633,,,
302f4dd7-d0da-11f0-9ba0-fc3fdb83b633,,,
302f4e04-d0da-11f0-9ba0-fc3fdb83b633,,,
302f4e32-d0da-11f0-9ba0-fc3fdb83b633,,,
302f4e5e-d0da-11f0-9ba0-fc3fdb83b633,,,
302f4e8a-d0da-11f0-9ba0-fc3fdb83b633,,,
302f4eb7-d0da-11f0-9ba0-fc3fdb83b633,,,
302f4ee5-d0da-11f0-9ba0-fc3fdb83b633,,,
302f4f1a-d0da-11f0-9ba0-fc3fdb83b633,,,
302f4f49-d0da-11f0-9ba0-fc3fdb83b633,,,
302f4f78-d0da-11f0-9ba0-fc3fdb83b633,,,
302f4fa8-d0da-11f0-9ba0-fc3fdb83b633,,,
302f4fd6-d0da-11f0-9ba0-fc3fdb83b633,,,
302f5005-d0da-11f0-9ba0-fc3fdb83b633,,,
302f5032-d0da-11f0-9ba0-fc3fdb83b633,,,
302f505f-d0da-11f0-9ba0-fc3fdb83b633,,,
302f508c-d0da-11f0-9ba0-fc3fdb83b633,,,
302f50b9-d0da-11f0-9ba0-fc3fdb83b633,,,
302f50e7-d0da-11f0-9ba0-fc3fdb83b633,,,
302f5114-d0da-11f0-9ba0-fc3fdb83b633,,,
302f5141-d0da-11f0-9ba0-fc3fdb83b633,,,
302f516d-d0da-11f0-9ba0-fc3fdb83b633,,,
302f519a-d0da-11f0-9ba0-fc3fdb83b633,,,
302f51c9-d0da-11f0-9ba0-fc3fdb83b633,,,
302f51f6-d0da-11f0-9ba0-fc3fdb83b633,,,
302f5223-d0da-11f0-9ba0-fc3fdb83b633,,,
302f5250-d0da-11f0-9ba0-fc3fdb83b633,,,
302f527e-d0da-11f0-9ba0-fc3fdb83b633,,,
302f52ac-d0da-11f0-9ba0-fc3fdb83b633,,,
302f52d9-d0da-11f0-9ba0-fc3fdb83b633,,,
302f5307-d0da-11f0-9ba0-fc3fdb83b633,,,
302f5335-d0da-11f0-9ba0-fc3fdb83b633,,,
302f5363-d0da-11f0-9ba0-fc3fdb83b633,,,
302f5391-d0da-11f0-9ba0-fc3fdb83b633,,,
302f53be-d0da-11f0-9ba0-fc3fdb83b633,,,
302f53ec-d0da-11f0-9ba0-fc3fdb83b633,,,
302f541a-d0da-11f0-9ba0-fc3fdb83b633,,,
302f5447-d0da-11f0-9ba0-fc3fdb83b633,,,
302f5474-d0da-11f0-9ba0-fc3fdb83b633,,,
302f54a3-d0da-11f0-9ba0-fc3fdb83b633,,,
302f54d0-d0da-11f0-9ba0-fc3fdb83b633,,,
302f54fd-d0da-11f0-9ba0-fc3fdb83b633,,,
302f552b-d0da-11f0-9ba0-fc3fdb83b633,,,
302f5557-d0da-11f0-9ba0-fc3fdb83b633,,,
302f5583-d0da-11f0-9ba0-fc3fdb83b633,,,
302f55af-d0da-11f0-9ba0-fc3fdb83b633,,,
302f55dc-d0da-11f0-9ba0-fc3fdb83b633,,,
302f5608-d0da-11f0-9ba0-fc3fdb83b633,,,
302f5633-d0da-11f0-9ba0-fc3fdb83b633,,,
302f565f-d0da-11f0-9ba0-fc3fdb83b633,,,
302f568a-d0da-11f0-9ba0-fc3fdb83b633,,,
302f56b6-d0da-11f0-9ba0-fc3fdb83b633,,,
302f56e2-d0da-11f0-9ba0-fc3fdb83b633,,,
302f570d-d0da-11f0-9ba0-fc3fdb83b633,,,
302f5738-d0da-11f0-9ba0-fc3fdb83b633,,,
302f5765-d0da-11f0-9ba0-fc3fdb83b633,,,
302f5791-d0da-11f0-9ba0-fc3fdb83b633,,,
302f57c0-d0da-11f0-9ba0-fc3fdb83b633,,,
302f57ec-d0da-11f0-9ba0-fc3fdb83b633,,,
302f5818-d0da-11f0-9ba0-fc3fdb83b633,,,
302f5843-d0da-11f0-9ba0-fc3fdb83b633,,,
302f5873-d0da-11f0-9ba0-fc3fdb83b633,,,
302f589e-d0da-11f0-9ba0-fc3fdb83b633,,,
302f58cb-d0da-11f0-9ba0-fc3fdb83b633,,,
302f58f7-d0da-11f0-9ba0-fc3fdb83b633,,,
302f5922-d0da-11f0-9ba0-fc3fdb83b633,,,
302f594e-d0da-11f0-9ba0-fc3fdb83b633,,,
302f5979-d0da-11f0-9ba0-fc3fdb83b633,,,
302f59a5-d0da-11f0-9ba0-fc3fdb83b633,,,
302f59d0-d0da-11f0-9ba0-fc3fdb83b633,,,
302f59fb-d0da-11f0-9ba0-fc3fdb83b633,,,
302f5a28-d0da-11f0-9ba0-fc3fdb83b633,,,
302f5a54-d0da-11f0-9ba0-fc3fdb83b633,,,
302f5a80-d0da-11f0-9ba0-fc3fdb83b633,,,
302f5aab-d0da-11f0-9ba0-fc3fdb83b633,,,
302f5adb-d0da-11f0-9ba0-fc3fdb83b633,,,
302f5b07-d0da-11f0-9ba0-fc3fdb83b633,,,
302f5b32-d0da-11f0-9ba0-fc3fdb83b633,,,
302f5b5e-d0da-11f0-9ba0-fc3fdb83b633,,,
302f5b8b-d0da-11f0-9ba0-fc3fdb83b633,,,
302f5bb7-d0da-11f0-9ba0-fc3fdb83b633,,,
302f5be5-d0da-11f0-9ba0-fc3fdb83b633,,,
302f5c11-d0da-11f0-9ba0-fc3fdb83b633,,,
302f5c3d-d0da-11f0-9ba0-fc3fdb83b633,,,
302f5c69-d0da-11f0-9ba0-fc3fdb83b633,,,
302f5c95-d0da-11f0-9ba0-fc3fdb83b633,,,
302f5cc0-d0da-11f0-9ba0-fc3fdb83b633,,,
302f5ceb-d0da-11f0-9ba0-fc3fdb83b633,,,
302f5d5d-d0da-11f0-9ba0-fc3fdb83b633,,,
302f5d93-d0da-11f0-9ba0-fc3fdb83b633,,,
302f5dc3-d0da-11f0-9ba0-fc3fdb83b633,,,
302f5df4-d0da-11f0-9ba0-fc3fdb83b633,,,
302f5e24-d0da-11f0-9ba0-fc3fdb83b633,,,
302f5e54-d0da-11f0-9ba0-fc3fdb83b633,,,
302f5e83-d0da-11f0-9ba0-fc3fdb83b633,,,
302f5eb3-d0da-11f0-9ba0-fc3fdb83b633,,,
302f5ee3-d0da-11f0-9ba0-fc3fdb83b633,,,
302f5f12-d0da-11f0-9ba0-fc3fdb83b633,,,
302f5f40-d0da-11f0-9ba0-fc3fdb83b633,,,
302f5f70-d0da-11f0-9ba0-fc3fdb83b633,,,
302f5f9e-d0da-11f0-9ba0-fc3fdb83b633,,,
302f5fcc-d0da-11f0-9ba0-fc3fdb83b633,,,
302f5ffd-d0da-11f0-9ba0-fc3fdb83b633,,,
302f602c-d0da-11f0-9ba0-fc3fdb83b633,,,
302f6058-d0da-11f0-9ba0-fc3fdb83b633,,,
302f6085-d0da-11f0-9ba0-fc3fdb83b633,,,
302f60b4-d0da-11f0-9ba0-fc3fdb83b633,,,
302f60e3-d0da-11f0-9ba0-fc3fdb83b633,,,
302f6110-d0da-11f0-9ba0-fc3fdb83b633,,,
302f613e-d0da-11f0-9ba0-fc3fdb83b633,,,
302f616c-d0da-11f0-9ba0-fc3fdb83b633,,,
302f619b-d0da-11f0-9ba0-fc3fdb83b633,,,
302f61c9-d0da-11f0-9ba0-fc3fdb83b633,,,
302f61f7-d0da-11f0-9ba0-fc3fdb83b633,,,
302f6226-d0da-11f0-9ba0-fc3fdb83b633,,,
302f6257-d0da-11f0-9ba0-fc3fdb83b633,,,
302f6287-d0da-11f0-9ba0-fc3fdb83b633,,,
302f62b7-d0da-11f0-9ba0-fc3fdb83b633,,,
302f62e6-d0da-11f0-9ba0-fc3fdb83b633,,,
302f6316-d0da-11f0-9ba0-fc3fdb83b633,,,
302f6347-d0da-11f0-9ba0-fc3fdb83b633,,,
302f6376-d0da-11f0-9ba0-fc3fdb83b633,,,
302f63a6-d0da-11f0-9ba0-fc3fdb83b633,,,
302f63d6-d0da-11f0-9ba0-fc3fdb83b633,,,
302f6406-d0da-11f0-9ba0-fc3fdb83b633,,,
302f6435-d0da-11f0-9ba0-fc3fdb83b633,,,
302f6465-d0da-11f0-9ba0-fc3fdb83b633,,,
302f64fa-d0da-11f0-9ba0-fc3fdb83b633,,,
302f6530-d0da-11f0-9ba0-fc3fdb83b633,,,
302f6563-d0da-11f0-9ba0-fc3fdb83b633,,,
302f6597-d0da-11f0-9ba0-fc3fdb83b633,,,
302f65c7-d0da-11f0-9ba0-fc3fdb83b633,,,
302f65f8-d0da-11f0-9ba0-fc3fdb83b633,,,
302f6627-d0da-11f0-9ba0-fc3fdb83b633,,,
302f6657-d0da-11f0-9ba0-fc3fdb83b633,,,
302f6686-d0da-11f0-9ba0-fc3fdb83b633,,,
302f66b4-d0da-11f0-9ba0-fc3fdb83b633,,,
302f66e4-d0da-11f0-9ba0-fc3fdb83b633,,,
302f6714-d0da-11f0-9ba0-fc3fdb83b633,,,
302f6743-d0da-11f0-9ba0-fc3fdb83b633,,,
302f6772-d0da-11f0-9ba0-fc3fdb83b633,,,
302f67a2-d0da-11f0-9ba0-fc3fdb83b633,,,
302f67d2-d0da-11f0-9ba0-fc3fdb83b633,,,
302f6802-d0da-11f0-9ba0-fc3fdb83b633,,,
302f6832-d0da-11f0-9ba0-fc3fdb83b633,,,
302f6861-d0da-11f0-9ba0-fc3fdb83b633,,,
302f6891-d0da-11f0-9ba0-fc3fdb83b633,,,
302f68c0-d0da-11f0-9ba0-fc3fdb83b633,,,
302f68f0-d0da-11f0-9ba0-fc3fdb83b633,,,
302f6920-d0da-11f0-9ba0-fc3fdb83b633,,,
302f6978-d0da-11f0-9ba0-fc3fdb83b633,,,
302f69a9-d0da-11f0-9ba0-fc3fdb83b633,,,
302f69d8-d0da-11f0-9ba0-fc3fdb83b633,,,
302f6a07-d0da-11f0-9ba0-fc3fdb83b633,,,
302f6a37-d0da-11f0-9ba0-fc3fdb83b633,,,
302f6a67-d0da-11f0-9ba0-fc3fdb83b633,,,
302f6a96-d0da-11f0-9ba0-fc3fdb83b633,,,
302f6ac4-d0da-11f0-9ba0-fc3fdb83b633,,,
302f6af4-d0da-11f0-9ba0-fc3fdb83b633,,,
302f6b24-d0da-11f0-9ba0-fc3fdb83b633,,,
302f6b53-d0da-11f0-9ba0-fc3fdb83b633,,,
302f6b82-d0da-11f0-9ba0-fc3fdb83b633,,,
302f6bb2-d0da-11f0-9ba0-fc3fdb83b633,,,
302f6be1-d0da-11f0-9ba0-fc3fdb83b633,,,
302f6c0f-d0da-11f0-9ba0-fc3fdb83b633,,,
302f6c3e-d0da-11f0-9ba0-fc3fdb83b633,,,
302f6c6e-d0da-11f0-9ba0-fc3fdb83b633,,,
302f6c9e-d0da-11f0-9ba0-fc3fdb83b633,,,
302f6ccd-d0da-11f0-9ba0-fc3fdb83b633,,,
302f6cfd-d0da-11f0-9ba0-fc3fdb83b633,,,
302f6d2d-d0da-11f0-9ba0-fc3fdb83b633,,,
302f6d5c-d0da-11f0-9ba0-fc3fdb83b633,,,
302f6d8c-d0da-11f0-9ba0-fc3fdb83b633,,,
302f6dba-d0da-11f0-9ba0-fc3fdb83b633,,,
302f6deb-d0da-11f0-9ba0-fc3fdb83b633,,,
302f6e1a-d0da-11f0-9ba0-fc3fdb83b633,,,
302f6e4a-d0da-11f0-9ba0-fc3fdb83b633,,,
302f6e78-d0da-11f0-9ba0-fc3fdb83b633,,,
302f6ea8-d0da-11f0-9ba0-fc3fdb83b633,,,
302f6ed7-d0da-11f0-9ba0-fc3fdb83b633,,,
302f6f06-d0da-11f0-9ba0-fc3fdb83b633,,,
302f6f35-d0da-11f0-9ba0-fc3fdb83b633,,,
302f6f65-d0da-11f0-9ba0-fc3fdb83b633,,,
302f6f95-d0da-11f0-9ba0-fc3fdb83b633,,,
302f6fc3-d0da-11f0-9ba0-fc3fdb83b633,,,
302f6ff2-d0da-11f0-9ba0-fc3fdb83b633,,,
302f7022-d0da-11f0-9ba0-fc3fdb83b633,,,
302f7050-d0da-11f0-9ba0-fc3fdb83b633,,,
302f707f-d0da-11f0-9ba0-fc3fdb83b633,,,
302f70ae-d0da-11f0-9ba0-fc3fdb83b633,,,
302f70de-d0da-11f0-9ba0-fc3fdb83b633,,,
302f710c-d0da-11f0-9ba0-fc3fdb83b633,,,
302f713b-d0da-11f0-9ba0-fc3fdb83b633,,,
302f716a-d0da-11f0-9ba0-fc3fdb83b633,,,
302f7198-d0da-11f0-9ba0-fc3fdb83b633,,,
302f71c7-d0da-11f0-9ba0-fc3fdb83b633,,,
302f71f5-d0da-11f0-9ba0-fc3fdb83b633,,,
302f7224-d0da-11f0-9ba0-fc3fdb83b633,,,
302f7254-d0da-11f0-9ba0-fc3fdb83b633,,,
302f7282-d0da-11f0-9ba0-fc3fdb83b633,,,
302f72b1-d0da-11f0-9ba0-fc3fdb83b633,,,
302f72e0-d0da-11f0-9ba0-fc3fdb83b633,,,
302f7310-d0da-11f0-9ba0-fc3fdb83b633,,,
302f733e-d0da-11f0-9ba0-fc3fdb83b633,,,
302f736c-d0da-11f0-9ba0-fc3fdb83b633,,,
302f739a-d0da-11f0-9ba0-fc3fdb83b633,,,
302f73c9-d0da-11f0-9ba0-fc3fdb83b633,,,
302f73f8-d0da-11f0-9ba0-fc3fdb83b633,,,
302f7428-d0da-11f0-9ba0-fc3fdb83b633,,,
302f7456-d0da-11f0-9ba0-fc3fdb83b633,,,
302f7485-d0da-11f0-9ba0-fc3fdb83b633,,,
302f74b3-d0da-11f0-9ba0-fc3fdb83b633,,,
302f74e2-d0da-11f0-9ba0-fc3fdb83b633,,,
302f7511-d0da-11f0-9ba0-fc3fdb83b633,,,
302f7541-d0da-11f0-9ba0-fc3fdb83b633,,,
302f7570-d0da-11f0-9ba0-fc3fdb83b633,,,
302f759f-d0da-11f0-9ba0-fc3fdb83b633,,,
302f75ce-d0da-11f0-9ba0-fc3fdb83b633,,,
302f75fd-d0da-11f0-9ba0-fc3fdb83b633,,,
302f762d-d0da-11f0-9ba0-fc3fdb83b633,,,
302f765b-d0da-11f0-9ba0-fc3fdb83b633,,,
302f768a-d0da-11f0-9ba0-fc3fdb83b633,,,
302f76b9-d0da-11f0-9ba0-fc3fdb83b633,,,
302f76e8-d0da-11f0-9ba0-fc3fdb83b633,,,
302f7717-d0da-11f0-9ba0-fc3fdb83b633,,,
302f7746-d0da-11f0-9ba0-fc3fdb83b633,,,
302f7777-d0da-11f0-9ba0-fc3fdb83b633,,,
302f77a5-d0da-11f0-9ba0-fc3fdb83b633,,,
302f77d4-d0da-11f0-9ba0-fc3fdb83b633,,,