id,idAislamiento,Forma,FormaBorde,ColorAnverso,ColorReverso,ColorBorde,TieneMicelioAereo,DensidadMicelioAereo,TipoCrecimiento,TipoHifa,TieneSecreciones,Observaciones
404e5d58-d0da-11f0-9ba0-fc3fdb83b633,322b7e8c-d0da-11f0-9ba0-fc3fdb83b633,Circular,,Blanco,,,false,,Moderado,,false,
404e68d9-d0da-11f0-9ba0-fc3fdb83b633,322c03c5-d0da-11f0-9ba0-fc3fdb83b633,,,,,,false,,Moderado,,false,
404e6e70-d0da-11f0-9ba0-fc3fdb83b633,322c4704-d0da-11f0-9ba0-fc3fdb83b633,,,,,,false,,Lento,,false,
404e898b-d0da-11f0-9ba0-fc3fdb83b633,322d6dd3-d0da-11f0-9ba0-fc3fdb83b633,,,Blanco,,,false,,Rápido,,false,
404ea906-d0da-11f0-9ba0-fc3fdb83b633,322f0283-d0da-11f0-9ba0-fc3fdb83b633,,,Blanco,,,false,,Rápido,,false,
404eb27d-d0da-11f0-9ba0-fc3fdb83b633,322f8bd0-d0da-11f0-9ba0-fc3fdb83b633,,,,,,false,,Moderado,,false,
404eb784-d0da-11f0-9ba0-fc3fdb83b633,322fcdbf-d0da-11f0-9ba0-fc3fdb83b633,,,,,,false,,Lento,,false,
40504f88-d0da-11f0-9ba0-fc3fdb83b633,3251383b-d0da-11f0-9ba0-fc3fdb83b633,,,,,,false,,Lento,,false,
40505ec1-d0da-11f0-9ba0-fc3fdb83b633,325227da-d0da-11f0-9ba0-fc3fdb83b633,,,,,,false,,,,false,MICROSCOPIC-PICNIDIA
4050a085-d0da-11f0-9ba0-fc3fdb83b633,32591bad-d0da-11f0-9ba0-fc3fdb83b633,,,,,,false,,Moderado,,false,
4051dd2b-d0da-11f0-9ba0-fc3fdb83b633,327324e8-d0da-11f0-9ba0-fc3fdb83b633,,,,,,false,,Lento,,false,
4051e280-d0da-11f0-9ba0-fc3fdb83b633,32737974-d0da-11f0-9ba0-fc3fdb83b633,Filamentosa,,Blanco,,,false,,Rápido,,false,
4053a162-d0da-11f0-9ba0-fc3fdb83b633,329fb9ef-d0da-11f0-9ba0-fc3fdb83b633,,,,,,false,,Lento,,false,
4053a7e0-d0da-11f0-9ba0-fc3fdb83b633,32a000d6-d0da-11f0-9ba0-fc3fdb83b633,,,,,,false,,Lento,,false,
4054a751-d0da-11f0-9ba0-fc3fdb83b633,32cb08f0-d0da-11f0-9ba0-fc3fdb83b633,Circular,,Blanco centro crema (54),,,false,,Lento,,false,
4054ad2a-d0da-11f0-9ba0-fc3fdb83b633,32cb9813-d0da-11f0-9ba0-fc3fdb83b633,,,,,,false,,Rápido,,false,
4054c69c-d0da-11f0-9ba0-fc3fdb83b633,32cff607-d0da-11f0-9ba0-fc3fdb83b633,,,,,,false,,Moderado,,false,
4055355f-d0da-11f0-9ba0-fc3fdb83b633,32e2132e-d0da-11f0-9ba0-fc3fdb83b633,,,,,,false,,,,false,MICROSCOPIC-SPORES SEXUAL
40559137-d0da-11f0-9ba0-fc3fdb83b633,32ef2be7-d0da-11f0-9ba0-fc3fdb83b633,,,,,,false,,Moderado,,false,
40559911-d0da-11f0-9ba0-fc3fdb83b633,32ef6dcb-d0da-11f0-9ba0-fc3fdb83b633,,,,,,false,,Lento,,false,
4055a738-d0da-11f0-9ba0-fc3fdb83b633,32efb1f8-d0da-11f0-9ba0-fc3fdb83b633,Irregular,,Gris oscuro (82) borde gris claro (85),,,false,,Lento,,false,
4055af7a-d0da-11f0-9ba0-fc3fdb83b633,32f0667d-d0da-11f0-9ba0-fc3fdb83b633,,,,,,false,,Moderado,,false,
4056cf01-d0da-11f0-9ba0-fc3fdb83b633,3311d134-d0da-11f0-9ba0-fc3fdb83b633,,,,,,false,,Rápido,,false,
4056d243-d0da-11f0-9ba0-fc3fdb83b633,3314192c-d0da-11f0-9ba0-fc3fdb83b633,,,,,,false,,Lento,,false,
4056d65a-d0da-11f0-9ba0-fc3fdb83b633,3314bff4-d0da-11f0-9ba0-fc3fdb83b633,,,,,,false,,Lento,,false,
4056f599-d0da-11f0-9ba0-fc3fdb83b633,331ccd72-d0da-11f0-9ba0-fc3fdb83b633,,,,,,false,,Lento,,false,
4056fb72-d0da-11f0-9ba0-fc3fdb83b633,331dbb6d-d0da-11f0-9ba0-fc3fdb83b633,,,,,,false,,Rápido,,false,
4056ff70-d0da-11f0-9ba0-fc3fdb83b633,331eb331-d0da-11f0-9ba0-fc3fdb83b633,,,,,,false,,Moderado,,false,
40570541-d0da-11f0-9ba0-fc3fdb83b633,331fc32e-d0da-11f0-9ba0-fc3fdb83b633,,,,,,false,,Moderado,,false,
40570770-d0da-11f0-9ba0-fc3fdb83b633,33200853-d0da-11f0-9ba0-fc3fdb83b633,,,,,,false,,Rápido,,false,
40570d35-d0da-11f0-9ba0-fc3fdb83b633,332140f1-d0da-11f0-9ba0-fc3fdb83b633,,,,,,false,,Lento,,false,
4057169a-d0da-11f0-9ba0-fc3fdb83b633,3322b2b1-d0da-11f0-9ba0-fc3fdb83b633,Circular,,Blanco hueso,,,false,,Moderado,,false,
4057207f-d0da-11f0-9ba0-fc3fdb83b633,33245434-d0da-11f0-9ba0-fc3fdb83b633,,,,,,false,,Rápido,,false,
405722c7-d0da-11f0-9ba0-fc3fdb83b633,3324eedc-d0da-11f0-9ba0-fc3fdb83b633,Circular,,Blanco,,,false,,Moderado,,false,
4057b236-d0da-11f0-9ba0-fc3fdb83b633,33380c3a-d0da-11f0-9ba0-fc3fdb83b633,Rizoide,,Blanco,,,false,,Moderado,,false,
4058240c-d0da-11f0-9ba0-fc3fdb83b633,33468d8f-d0da-11f0-9ba0-fc3fdb83b633,,,,,,false,,Moderado,,false,
4059360d-d0da-11f0-9ba0-fc3fdb83b633,335a7de5-d0da-11f0-9ba0-fc3fdb83b633,,,,,,false,,Moderado,,false,
40593c84-d0da-11f0-9ba0-fc3fdb83b633,335b116a-d0da-11f0-9ba0-fc3fdb83b633,,,,,,false,,Rápido,,false,
4059420d-d0da-11f0-9ba0-fc3fdb83b633,335d14bd-d0da-11f0-9ba0-fc3fdb83b633,,,,,,false,,Lento,,false,
405b4848-d0da-11f0-9ba0-fc3fdb83b633,3391d96a-d0da-11f0-9ba0-fc3fdb83b633,,,,,,false,,Moderado,,false,
405b5b3e-d0da-11f0-9ba0-fc3fdb83b633,3392ed57-d0da-11f0-9ba0-fc3fdb83b633,,,,,,false,,Lento,,false,
405b603e-d0da-11f0-9ba0-fc3fdb83b633,33934459-d0da-11f0-9ba0-fc3fdb83b633,,,,,,false,,Lento,,false,
405b6520-d0da-11f0-9ba0-fc3fdb83b633,3393982f-d0da-11f0-9ba0-fc3fdb83b633,Circular,,Blanco hueso centro salm½n (6),,,false,,Lento,,false,
405b6a23-d0da-11f0-9ba0-fc3fdb83b633,3393dd6d-d0da-11f0-9ba0-fc3fdb83b633,Circular,,Blanco hueso centro caf? claro (219D),,,false,,Lento,,false,
405b6f0e-d0da-11f0-9ba0-fc3fdb83b633,33942225-d0da-11f0-9ba0-fc3fdb83b633,Circular,,Blanco tolidad grisÿcea,,,false,,Moderado,,false,
405b7444-d0da-11f0-9ba0-fc3fdb83b633,339465e1-d0da-11f0-9ba0-fc3fdb83b633,,,,,,false,,Moderado,,false,
405b7955-d0da-11f0-9ba0-fc3fdb83b633,3394aa85-d0da-11f0-9ba0-fc3fdb83b633,,,,,,false,,Moderado,,false,
405b7e6d-d0da-11f0-9ba0-fc3fdb83b633,3394eecc-d0da-11f0-9ba0-fc3fdb83b633,Circular,,Crema (92),,,false,,Lento,,false,
405b83df-d0da-11f0-9ba0-fc3fdb83b633,33953337-d0da-11f0-9ba0-fc3fdb83b633,,,,,,false,,Lento,,false,
405b9718-d0da-11f0-9ba0-fc3fdb83b633,3396799f-d0da-11f0-9ba0-fc3fdb83b633,,,Blanco con anillo verde amarillento (58),,,false,,Moderado,,false,
405b9c7a-d0da-11f0-9ba0-fc3fdb83b633,3396c1c6-d0da-11f0-9ba0-fc3fdb83b633,,,,,,false,,Moderado,,false,
405ba629-d0da-11f0-9ba0-fc3fdb83b633,33975a4c-d0da-11f0-9ba0-fc3fdb83b633,,,,,,false,,Rápido,,false,
405bef3e-d0da-11f0-9ba0-fc3fdb83b633,339c3ee9-d0da-11f0-9ba0-fc3fdb83b633,,,,,,false,,Rápido,,false,
405bf519-d0da-11f0-9ba0-fc3fdb83b633,339c8417-d0da-11f0-9ba0-fc3fdb83b633,,,,,,false,,Lento,,false,
405cb345-d0da-11f0-9ba0-fc3fdb83b633,33a68fb3-d0da-11f0-9ba0-fc3fdb83b633,,,Blanco con puntos gris (80),,,false,,Moderado,,false,
405cb93f-d0da-11f0-9ba0-fc3fdb83b633,33a6d88b-d0da-11f0-9ba0-fc3fdb83b633,Circular,,Blanco con anillo verde claro (81),,,false,,Lento,,false,
405cbe3b-d0da-11f0-9ba0-fc3fdb83b633,33a71e6b-d0da-11f0-9ba0-fc3fdb83b633,,,,,,false,,Lento,,false,
405cc32a-d0da-11f0-9ba0-fc3fdb83b633,33a773db-d0da-11f0-9ba0-fc3fdb83b633,,,,,,false,,Lento,,false,
405d3200-d0da-11f0-9ba0-fc3fdb83b633,33ad54c3-d0da-11f0-9ba0-fc3fdb83b633,,,,,,false,,Moderado,,false,
405d95bc-d0da-11f0-9ba0-fc3fdb83b633,33b26990-d0da-11f0-9ba0-fc3fdb83b633,,,Blanco con anillo grisÿceo,,,false,,Moderado,,false,
405e40e9-d0da-11f0-9ba0-fc3fdb83b633,33bb8ef3-d0da-11f0-9ba0-fc3fdb83b633,,,Blanco,,,false,,Moderado,,false,
405f67e0-d0da-11f0-9ba0-fc3fdb83b633,33ca565f-d0da-11f0-9ba0-fc3fdb83b633,,,Blanco,,,false,,Moderado,,false,
405f6e26-d0da-11f0-9ba0-fc3fdb83b633,33cab6cd-d0da-11f0-9ba0-fc3fdb83b633,Irregular,,Blanco,,,false,,Lento,,false,
40603e91-d0da-11f0-9ba0-fc3fdb83b633,33d95444-d0da-11f0-9ba0-fc3fdb83b633,,,,,,false,,Lento,,false,
40604494-d0da-11f0-9ba0-fc3fdb83b633,33d98059-d0da-11f0-9ba0-fc3fdb83b633,,,,,,false,,Lento,,false,
40609685-d0da-11f0-9ba0-fc3fdb83b633,33e03880-d0da-11f0-9ba0-fc3fdb83b633,Circular,,Blanco hueso centro gris (86),,,false,,Moderado,,false,
40609b02-d0da-11f0-9ba0-fc3fdb83b633,33e07f5e-d0da-11f0-9ba0-fc3fdb83b633,,,,,,false,,Lento,,false,
4060bff0-d0da-11f0-9ba0-fc3fdb83b633,33e47f90-d0da-11f0-9ba0-fc3fdb83b633,,,,,,false,,Moderado,,false,
4060c2f7-d0da-11f0-9ba0-fc3fdb83b633,33e4a7df-d0da-11f0-9ba0-fc3fdb83b633,,,,,,false,,Rápido,,false,
40610c9c-d0da-11f0-9ba0-fc3fdb83b633,33eccbd4-d0da-11f0-9ba0-fc3fdb83b633,,,,,,false,,Rápido,,false,
406149d1-d0da-11f0-9ba0-fc3fdb83b633,33f176f8-d0da-11f0-9ba0-fc3fdb83b633,,,Blanco,,,false,,Rápido,,false,
4061518a-d0da-11f0-9ba0-fc3fdb83b633,33f1ede9-d0da-11f0-9ba0-fc3fdb83b633,,,,,,false,,Lento,,false,
4061dc1c-d0da-11f0-9ba0-fc3fdb83b633,33fa7d5f-d0da-11f0-9ba0-fc3fdb83b633,,,,,,false,,Rápido,,false,
4061e1fb-d0da-11f0-9ba0-fc3fdb83b633,33fac7bd-d0da-11f0-9ba0-fc3fdb83b633,,,,,,false,,Moderado,,false,
4061ebb9-d0da-11f0-9ba0-fc3fdb83b633,33fb62b6-d0da-11f0-9ba0-fc3fdb83b633,,,,,,false,,Rápido,,false,
4062030f-d0da-11f0-9ba0-fc3fdb83b633,33fcd121-d0da-11f0-9ba0-fc3fdb83b633,,,,,,false,,Moderado,,false,
40628903-d0da-11f0-9ba0-fc3fdb83b633,34053e71-d0da-11f0-9ba0-fc3fdb83b633,,,,,,false,,Moderado,,false,
40629621-d0da-11f0-9ba0-fc3fdb83b633,34061865-d0da-11f0-9ba0-fc3fdb83b633,,,,,,false,,Rápido,,false,
4063204c-d0da-11f0-9ba0-fc3fdb83b633,340d1737-d0da-11f0-9ba0-fc3fdb83b633,Irregular,,Gris oscuro (83) borde gris claro (85),,,false,,Lento,,false,
4063e8ae-d0da-11f0-9ba0-fc3fdb83b633,3417c9dd-d0da-11f0-9ba0-fc3fdb83b633,,,Gris claro (86) con ÿreas amarillas,,,false,,Rápido,,false,
4063ee76-d0da-11f0-9ba0-fc3fdb83b633,3417f18a-d0da-11f0-9ba0-fc3fdb83b633,,,,,,false,,Moderado,,false,
406441c9-d0da-11f0-9ba0-fc3fdb83b633,341bcf03-d0da-11f0-9ba0-fc3fdb83b633,,,,,,false,,Moderado,,false,
40644b82-d0da-11f0-9ba0-fc3fdb83b633,341c17f3-d0da-11f0-9ba0-fc3fdb83b633,,,,,,false,,Lento,,false,
4064c728-d0da-11f0-9ba0-fc3fdb83b633,3422ba8f-d0da-11f0-9ba0-fc3fdb83b633,,,,,,false,,Rápido,,false,
40655eb6-d0da-11f0-9ba0-fc3fdb83b633,342c7a2d-d0da-11f0-9ba0-fc3fdb83b633,Filamentosa,,Blanco,,,false,,Rápido,,false,
4065e675-d0da-11f0-9ba0-fc3fdb83b633,3436378f-d0da-11f0-9ba0-fc3fdb83b633,Filamentosa,,Blanco,,,false,,Rápido,,false,
4065f475-d0da-11f0-9ba0-fc3fdb83b633,34371338-d0da-11f0-9ba0-fc3fdb83b633,,,,,,false,,Lento,,false,
4066f60a-d0da-11f0-9ba0-fc3fdb83b633,34476010-d0da-11f0-9ba0-fc3fdb83b633,,,,,,false,,Rápido,,false,
4066fdc9-d0da-11f0-9ba0-fc3fdb83b633,3447e56b-d0da-11f0-9ba0-fc3fdb83b633,,,,,,false,,Moderado,,false,
406721a1-d0da-11f0-9ba0-fc3fdb83b633,3449a2d5-d0da-11f0-9ba0-fc3fdb83b633,,,,,,false,,Rápido,,false,
406726eb-d0da-11f0-9ba0-fc3fdb83b633,3449ec54-d0da-11f0-9ba0-fc3fdb83b633,Circular,,Blanco hueso centro crema (92),,,false,,Moderado,,false,
40672bfa-d0da-11f0-9ba0-fc3fdb83b633,344a3875-d0da-11f0-9ba0-fc3fdb83b633,,,,,,false,,Lento,,false,
40673551-d0da-11f0-9ba0-fc3fdb83b633,344ad329-d0da-11f0-9ba0-fc3fdb83b633,,,,,,false,,Moderado,,false,
40673a6c-d0da-11f0-9ba0-fc3fdb83b633,344b246a-d0da-11f0-9ba0-fc3fdb83b633,,,,,,false,,Moderado,,false,
40675518-d0da-11f0-9ba0-fc3fdb83b633,344cd8e0-d0da-11f0-9ba0-fc3fdb83b633,Circular,,Gris claro (81),,,false,,Lento,,false,
40676b83-d0da-11f0-9ba0-fc3fdb83b633,344e47a1-d0da-11f0-9ba0-fc3fdb83b633,,,,,,false,,Moderado,,false,
406774ef-d0da-11f0-9ba0-fc3fdb83b633,344ecfc9-d0da-11f0-9ba0-fc3fdb83b633,Circular,,Gris claro (85) centro gris oscuro (82) borde blanco,,,false,,Lento,,false,
40678fdf-d0da-11f0-9ba0-fc3fdb83b633,3450dcd0-d0da-11f0-9ba0-fc3fdb83b633,,,,,,false,,Rápido,,false,
40679936-d0da-11f0-9ba0-fc3fdb83b633,34523891-d0da-11f0-9ba0-fc3fdb83b633,,,,,,false,,Moderado,,false,
40679e41-d0da-11f0-9ba0-fc3fdb83b633,3452c410-d0da-11f0-9ba0-fc3fdb83b633,,,,,,false,,Moderado,,false,
4067a344-d0da-11f0-9ba0-fc3fdb83b633,34536ae4-d0da-11f0-9ba0-fc3fdb83b633,Circular,,Blanco hueso centro gris claro (81) borde translœcido,,,false,,Moderado,,false,
4067b0aa-d0da-11f0-9ba0-fc3fdb83b633,3454e508-d0da-11f0-9ba0-fc3fdb83b633,,,,,,false,,Lento,,false,
4067c5db-d0da-11f0-9ba0-fc3fdb83b633,3457366b-d0da-11f0-9ba0-fc3fdb83b633,,,,,,false,,Moderado,,false,
4067d2dc-d0da-11f0-9ba0-fc3fdb83b633,34580fd7-d0da-11f0-9ba0-fc3fdb83b633,,,,,,false,,Moderado,,false,
4067d7a6-d0da-11f0-9ba0-fc3fdb83b633,345856fa-d0da-11f0-9ba0-fc3fdb83b633,Circular,,Blanco,,,false,,Rápido,,false,
40686fba-d0da-11f0-9ba0-fc3fdb83b633,345e11da-d0da-11f0-9ba0-fc3fdb83b633,Filamentosa,,Blanco hueso,,,false,,Rápido,,false,
40689197-d0da-11f0-9ba0-fc3fdb83b633,345f934b-d0da-11f0-9ba0-fc3fdb83b633,Circular,,Blanco,,,false,,Lento,,false,
4069e458-d0da-11f0-9ba0-fc3fdb83b633,347a1831-d0da-11f0-9ba0-fc3fdb83b633,,,,,,false,,Rápido,,false,
4069e94c-d0da-11f0-9ba0-fc3fdb83b633,347ab0fb-d0da-11f0-9ba0-fc3fdb83b633,,,,,,false,,Rápido,,false,
4069f0c6-d0da-11f0-9ba0-fc3fdb83b633,347bde51-d0da-11f0-9ba0-fc3fdb83b633,,,,,,false,,Lento,,false,
4069f66b-d0da-11f0-9ba0-fc3fdb83b633,347cabdf-d0da-11f0-9ba0-fc3fdb83b633,Circular,,Gris plomo (87),,,false,,Lento,,false,
4069fa56-d0da-11f0-9ba0-fc3fdb83b633,347d3e7d-d0da-11f0-9ba0-fc3fdb83b633,Circular,,Blanco tolidad rosada,,,false,,Moderado,,false,
406a22ba-d0da-11f0-9ba0-fc3fdb83b633,34846890-d0da-11f0-9ba0-fc3fdb83b633,,,,,,false,,Lento,,false,
406a24e0-d0da-11f0-9ba0-fc3fdb83b633,3484b36c-d0da-11f0-9ba0-fc3fdb83b633,Irregular,,Gris (85) borde blanco,,,false,,Lento,,false,
406a62e4-d0da-11f0-9ba0-fc3fdb83b633,3492cf0c-d0da-11f0-9ba0-fc3fdb83b633,,,,,,false,,Lento,,false,
406a6517-d0da-11f0-9ba0-fc3fdb83b633,3493130d-d0da-11f0-9ba0-fc3fdb83b633,,,,,,false,,Lento,,false,
406a68fc-d0da-11f0-9ba0-fc3fdb83b633,34939afc-d0da-11f0-9ba0-fc3fdb83b633,Irregular,,Gris (85) borde con tolidad salmon (6),,,false,,Lento,,false,
406a6ea1-d0da-11f0-9ba0-fc3fdb83b633,3494be4b-d0da-11f0-9ba0-fc3fdb83b633,,,,,,false,,Lento,,false,
406a70bf-d0da-11f0-9ba0-fc3fdb83b633,34950a36-d0da-11f0-9ba0-fc3fdb83b633,,,,,,false,,Rápido,,false,
406a74a0-d0da-11f0-9ba0-fc3fdb83b633,34956123-d0da-11f0-9ba0-fc3fdb83b633,,,,,,false,,Rápido,,false,
406a7bf9-d0da-11f0-9ba0-fc3fdb83b633,3495f0f6-d0da-11f0-9ba0-fc3fdb83b633,,,,,,false,,Lento,,false,
406a7e1c-d0da-11f0-9ba0-fc3fdb83b633,3496156c-d0da-11f0-9ba0-fc3fdb83b633,Circular,,Gris humo (44) borde blanco hueso,,,false,,Lento,,false,
406a81f8-d0da-11f0-9ba0-fc3fdb83b633,34969f94-d0da-11f0-9ba0-fc3fdb83b633,,,,,,false,,Rápido,,false,
406a8794-d0da-11f0-9ba0-fc3fdb83b633,34977e41-d0da-11f0-9ba0-fc3fdb83b633,,,,,,false,,Lento,,false,
406a89c2-d0da-11f0-9ba0-fc3fdb83b633,3497c27c-d0da-11f0-9ba0-fc3fdb83b633,Irregular,,Carm­n (8) borde rosado (5),,,false,,Lento,,false,
406a8da0-d0da-11f0-9ba0-fc3fdb83b633,34984988-d0da-11f0-9ba0-fc3fdb83b633,,,,,,false,,Lento,,false,
406a8fc0-d0da-11f0-9ba0-fc3fdb83b633,3498922a-d0da-11f0-9ba0-fc3fdb83b633,,,,,,false,,Moderado,,false,
406a91f4-d0da-11f0-9ba0-fc3fdb83b633,3498d79b-d0da-11f0-9ba0-fc3fdb83b633,,,,,,false,,Lento,,false,
406a9417-d0da-11f0-9ba0-fc3fdb83b633,34992886-d0da-11f0-9ba0-fc3fdb83b633,Filamentosa,,Gris claro (86),,,false,,Rápido,,false,
406a9639-d0da-11f0-9ba0-fc3fdb83b633,34997f21-d0da-11f0-9ba0-fc3fdb83b633,,,,,,false,,Rápido,,false,
406a9a17-d0da-11f0-9ba0-fc3fdb83b633,349a30ac-d0da-11f0-9ba0-fc3fdb83b633,Circular,,Gris oliva (42) centro rosado (5) anillo blanco hueso borde salmon (6),,,false,,Lento,,false,
406b4f40-d0da-11f0-9ba0-fc3fdb83b633,34a9fc30-d0da-11f0-9ba0-fc3fdb83b633,,,,,,false,,Rápido,,false,
406b6322-d0da-11f0-9ba0-fc3fdb83b633,34aa72c4-d0da-11f0-9ba0-fc3fdb83b633,Irregular,,Gris oscurro (83),,,false,,Lento,,false,
406b6ab4-d0da-11f0-9ba0-fc3fdb83b633,34aa9775-d0da-11f0-9ba0-fc3fdb83b633,,,,,,false,,Moderado,,false,
406cf633-d0da-11f0-9ba0-fc3fdb83b633,34ba8446-d0da-11f0-9ba0-fc3fdb83b633,Filamentosa,,Blanco,,,false,,Rápido,,false,
406cfc39-d0da-11f0-9ba0-fc3fdb83b633,34bacce9-d0da-11f0-9ba0-fc3fdb83b633,Circular,,Blanco,,,false,,Moderado,,false,
406d50af-d0da-11f0-9ba0-fc3fdb83b633,34bf5f21-d0da-11f0-9ba0-fc3fdb83b633,Circular,,Gris oliva (42) anillo salm½n (6) borde blanco,,,false,,Lento,,false,
406d5b00-d0da-11f0-9ba0-fc3fdb83b633,34bf8ea0-d0da-11f0-9ba0-fc3fdb83b633,,,,,,false,,Rápido,,false,
406f7675-d0da-11f0-9ba0-fc3fdb83b633,34cc71af-d0da-11f0-9ba0-fc3fdb83b633,Circular,,Blanco,,,false,,Moderado,,false,
406f8559-d0da-11f0-9ba0-fc3fdb83b633,34ccfcd8-d0da-11f0-9ba0-fc3fdb83b633,Circular,,Crema (54),,,false,,Lento,,false,
4072fcd8-d0da-11f0-9ba0-fc3fdb83b633,34f575c5-d0da-11f0-9ba0-fc3fdb83b633,Circular,,Blanco,,,false,,Moderado,,false,
4073032a-d0da-11f0-9ba0-fc3fdb83b633,34f59aeb-d0da-11f0-9ba0-fc3fdb83b633,,,,,,false,,Moderado,,false,
40730877-d0da-11f0-9ba0-fc3fdb83b633,34f5bf89-d0da-11f0-9ba0-fc3fdb83b633,Circular,,Blanco,,,false,,Moderado,,false,
4076933e-d0da-11f0-9ba0-fc3fdb83b633,3523ebac-d0da-11f0-9ba0-fc3fdb83b633,,,,,,false,,Rápido,,false,
40769991-d0da-11f0-9ba0-fc3fdb83b633,352432d1-d0da-11f0-9ba0-fc3fdb83b633,,,,,,false,,Lento,,false,
4077b8eb-d0da-11f0-9ba0-fc3fdb83b633,352e6138-d0da-11f0-9ba0-fc3fdb83b633,,,,,,false,,Lento,,false,
4077c433-d0da-11f0-9ba0-fc3fdb83b633,352eabe3-d0da-11f0-9ba0-fc3fdb83b633,,,,,,false,,Rápido,,false,
4077ce72-d0da-11f0-9ba0-fc3fdb83b633,352f3775-d0da-11f0-9ba0-fc3fdb83b633,,,,,,false,,Moderado,,false,
4077ea3a-d0da-11f0-9ba0-fc3fdb83b633,35308f14-d0da-11f0-9ba0-fc3fdb83b633,,,,,,false,,Moderado,,false,
4077f13c-d0da-11f0-9ba0-fc3fdb83b633,3530d290-d0da-11f0-9ba0-fc3fdb83b633,Circular,,Blanco,,,false,,Moderado,,false,
40780f22-d0da-11f0-9ba0-fc3fdb83b633,353246ce-d0da-11f0-9ba0-fc3fdb83b633,,,,,,false,,Moderado,,false,
407821e3-d0da-11f0-9ba0-fc3fdb83b633,3533153d-d0da-11f0-9ba0-fc3fdb83b633,,,,,,false,,Rápido,,false,
40783338-d0da-11f0-9ba0-fc3fdb83b633,3533e05a-d0da-11f0-9ba0-fc3fdb83b633,Circular,,Gris oliva (42) centro oliva (30) borde blanco,,,false,,Lento,,false,
407844b1-d0da-11f0-9ba0-fc3fdb83b633,3534b29a-d0da-11f0-9ba0-fc3fdb83b633,,,,,,false,,Moderado,,false,
40785ace-d0da-11f0-9ba0-fc3fdb83b633,3535851f-d0da-11f0-9ba0-fc3fdb83b633,,,,,,false,,Moderado,,false,
40786101-d0da-11f0-9ba0-fc3fdb83b633,3535c87c-d0da-11f0-9ba0-fc3fdb83b633,,,,,,false,,Rápido,,false,
40786e07-d0da-11f0-9ba0-fc3fdb83b633,3536520f-d0da-11f0-9ba0-fc3fdb83b633,,,,,,false,,Moderado,,false,
4078855b-d0da-11f0-9ba0-fc3fdb83b633,3537b641-d0da-11f0-9ba0-fc3fdb83b633,Circular,,Rosado claro (7),,,false,,Moderado,,false,
4078acd2-d0da-11f0-9ba0-fc3fdb83b633,35398427-d0da-11f0-9ba0-fc3fdb83b633,,,,,,false,,Lento,,false,
4078bfe7-d0da-11f0-9ba0-fc3fdb83b633,353a3099-d0da-11f0-9ba0-fc3fdb83b633,,,,,,false,,Rápido,,false,
4078c56a-d0da-11f0-9ba0-fc3fdb83b633,353a5940-d0da-11f0-9ba0-fc3fdb83b633,Circular,,Blanco centro gris humo (45) anillo rosado (5) borde blanco,,,false,,Lento,,false,
4079255d-d0da-11f0-9ba0-fc3fdb83b633,353e01a9-d0da-11f0-9ba0-fc3fdb83b633,,,,,,false,,Moderado,,false,
4079302e-d0da-11f0-9ba0-fc3fdb83b633,353e8bdd-d0da-11f0-9ba0-fc3fdb83b633,Circular,,Blanco,,,false,,Lento,,false,
40794b2e-d0da-11f0-9ba0-fc3fdb83b633,35403d04-d0da-11f0-9ba0-fc3fdb83b633,,,,,,false,,Lento,,false,
40795564-d0da-11f0-9ba0-fc3fdb83b633,3540c964-d0da-11f0-9ba0-fc3fdb83b633,Circular,,Blanco centro translœcido,,,false,,Rápido,,false,
407af77c-d0da-11f0-9ba0-fc3fdb83b633,35586970-d0da-11f0-9ba0-fc3fdb83b633,,,,,,false,,Moderado,,false,
407b0785-d0da-11f0-9ba0-fc3fdb83b633,35593ac6-d0da-11f0-9ba0-fc3fdb83b633,,,,,,false,,Lento,,false,
407ba5cf-d0da-11f0-9ba0-fc3fdb83b633,35621fb1-d0da-11f0-9ba0-fc3fdb83b633,,,,,,false,,Moderado,,false,
407bb2f6-d0da-11f0-9ba0-fc3fdb83b633,35627b83-d0da-11f0-9ba0-fc3fdb83b633,,,,,,false,,Moderado,,false,
407bc2dd-d0da-11f0-9ba0-fc3fdb83b633,356306d4-d0da-11f0-9ba0-fc3fdb83b633,,,,,,false,,Rápido,,false,
407c36d1-d0da-11f0-9ba0-fc3fdb83b633,35687214-d0da-11f0-9ba0-fc3fdb83b633,,,,,,false,,Moderado,,false,
407c47b6-d0da-11f0-9ba0-fc3fdb83b633,3568ff03-d0da-11f0-9ba0-fc3fdb83b633,,,,,,false,,Lento,,false,
407c8b38-d0da-11f0-9ba0-fc3fdb83b633,356c7dda-d0da-11f0-9ba0-fc3fdb83b633,,,,,,false,,Lento,,false,
407c90fb-d0da-11f0-9ba0-fc3fdb83b633,356ce5d5-d0da-11f0-9ba0-fc3fdb83b633,,,,,,false,,Lento,,false,
407cb42f-d0da-11f0-9ba0-fc3fdb83b633,356ed1c6-d0da-11f0-9ba0-fc3fdb83b633,,,,,,false,,Moderado,,false,
407f0337-d0da-11f0-9ba0-fc3fdb83b633,357b0aa2-d0da-11f0-9ba0-fc3fdb83b633,,,,,,false,,Rápido,,false,
407f0e12-d0da-11f0-9ba0-fc3fdb83b633,357ba791-d0da-11f0-9ba0-fc3fdb83b633,,,,,,false,,Moderado,,false,
407f21d9-d0da-11f0-9ba0-fc3fdb83b633,357cca0a-d0da-11f0-9ba0-fc3fdb83b633,,,,,,false,,Moderado,,false,
40800a1a-d0da-11f0-9ba0-fc3fdb83b633,358669c5-d0da-11f0-9ba0-fc3fdb83b633,,,,,,false,,Moderado,,false,
40801514-d0da-11f0-9ba0-fc3fdb83b633,3586d07f-d0da-11f0-9ba0-fc3fdb83b633,,,,,,false,,Lento,,false,
40801ee3-d0da-11f0-9ba0-fc3fdb83b633,35871d69-d0da-11f0-9ba0-fc3fdb83b633,,,,,,false,,Lento,,false,
40810f0a-d0da-11f0-9ba0-fc3fdb83b633,359451af-d0da-11f0-9ba0-fc3fdb83b633,,,,,,false,,Moderado,,false,
40811593-d0da-11f0-9ba0-fc3fdb83b633,35947619-d0da-11f0-9ba0-fc3fdb83b633,,,,,,false,,Moderado,,false,
408124c2-d0da-11f0-9ba0-fc3fdb83b633,3594f783-d0da-11f0-9ba0-fc3fdb83b633,,,,,,false,,Lento,,false,
40812a79-d0da-11f0-9ba0-fc3fdb83b633,3595256e-d0da-11f0-9ba0-fc3fdb83b633,,,,,,false,,Moderado,,false,
4081aa5a-d0da-11f0-9ba0-fc3fdb83b633,359bb27e-d0da-11f0-9ba0-fc3fdb83b633,,,,,,false,,Moderado,,false,
4081b009-d0da-11f0-9ba0-fc3fdb83b633,359bf6c6-d0da-11f0-9ba0-fc3fdb83b633,,,,,,false,,Moderado,,false,
4082252f-d0da-11f0-9ba0-fc3fdb83b633,35a1e20b-d0da-11f0-9ba0-fc3fdb83b633,,,,,,false,,Rápido,,false,
408233c8-d0da-11f0-9ba0-fc3fdb83b633,35a25267-d0da-11f0-9ba0-fc3fdb83b633,,,,,,false,,Rápido,,false,
40823d3e-d0da-11f0-9ba0-fc3fdb83b633,35a29c42-d0da-11f0-9ba0-fc3fdb83b633,,,,,,false,,Rápido,,false,
4082592b-d0da-11f0-9ba0-fc3fdb83b633,35a2c151-d0da-11f0-9ba0-fc3fdb83b633,,,,,,false,,Moderado,,false,
408260f7-d0da-11f0-9ba0-fc3fdb83b633,35a2ed55-d0da-11f0-9ba0-fc3fdb83b633,,,,,,false,,Moderado,,false,
40826e3c-d0da-11f0-9ba0-fc3fdb83b633,35a337d3-d0da-11f0-9ba0-fc3fdb83b633,,,,,,false,,Moderado,,false,
40829c58-d0da-11f0-9ba0-fc3fdb83b633,35a40953-d0da-11f0-9ba0-fc3fdb83b633,,,,,,false,,Lento,,false,
4082a21f-d0da-11f0-9ba0-fc3fdb83b633,35a43f96-d0da-11f0-9ba0-fc3fdb83b633,,,,,,false,,Lento,,false,
4082a898-d0da-11f0-9ba0-fc3fdb83b633,35a46ddc-d0da-11f0-9ba0-fc3fdb83b633,,,,,,false,,Lento,,false,
4082ada1-d0da-11f0-9ba0-fc3fdb83b633,35a49612-d0da-11f0-9ba0-fc3fdb83b633,,,,,,false,,Lento,,false,
4082b25e-d0da-11f0-9ba0-fc3fdb83b633,35a4bacc-d0da-11f0-9ba0-fc3fdb83b633,,,,,,false,,Lento,,false,
4082d8ec-d0da-11f0-9ba0-fc3fdb83b633,35a61000-d0da-11f0-9ba0-fc3fdb83b633,,,,,,false,,Rápido,,false,
4082e672-d0da-11f0-9ba0-fc3fdb83b633,35a712e1-d0da-11f0-9ba0-fc3fdb83b633,,,,,,false,,Rápido,,false,
4082eb9c-d0da-11f0-9ba0-fc3fdb83b633,35a75aaa-d0da-11f0-9ba0-fc3fdb83b633,,,,,,false,,Rápido,,false,
4082f0c6-d0da-11f0-9ba0-fc3fdb83b633,35a7a695-d0da-11f0-9ba0-fc3fdb83b633,,,,,,false,,Rápido,,false,
4082fb11-d0da-11f0-9ba0-fc3fdb83b633,35a7ee84-d0da-11f0-9ba0-fc3fdb83b633,,,,,,false,,Rápido,,false,
40830137-d0da-11f0-9ba0-fc3fdb83b633,35a8368e-d0da-11f0-9ba0-fc3fdb83b633,,,,,,false,,Rápido,,false,
40830d81-d0da-11f0-9ba0-fc3fdb83b633,35a8bff0-d0da-11f0-9ba0-fc3fdb83b633,,,,,,false,,Moderado,,false,
408319f3-d0da-11f0-9ba0-fc3fdb83b633,35a90a7c-d0da-11f0-9ba0-fc3fdb83b633,,,,,,false,,Rápido,,false,
4083213b-d0da-11f0-9ba0-fc3fdb83b633,35a957d4-d0da-11f0-9ba0-fc3fdb83b633,,,,,,false,,Rápido,,false,
408333eb-d0da-11f0-9ba0-fc3fdb83b633,35aa300b-d0da-11f0-9ba0-fc3fdb83b633,,,,,,false,,Rápido,,false,
40833b3d-d0da-11f0-9ba0-fc3fdb83b633,35aa776a-d0da-11f0-9ba0-fc3fdb83b633,,,,,,false,,Rápido,,false,
408341d9-d0da-11f0-9ba0-fc3fdb83b633,35aabe78-d0da-11f0-9ba0-fc3fdb83b633,,,,,,false,,Rápido,,false,
408348f6-d0da-11f0-9ba0-fc3fdb83b633,35ab04fe-d0da-11f0-9ba0-fc3fdb83b633,,,,,,false,,Rápido,,false,
40835021-d0da-11f0-9ba0-fc3fdb83b633,35ab4acc-d0da-11f0-9ba0-fc3fdb83b633,,,,,,false,,Moderado,,false,
408356ad-d0da-11f0-9ba0-fc3fdb83b633,35ab90a4-d0da-11f0-9ba0-fc3fdb83b633,,,,,,false,,Rápido,,false,
40835e4d-d0da-11f0-9ba0-fc3fdb83b633,35abe73f-d0da-11f0-9ba0-fc3fdb83b633,,,,,,false,,Rápido,,false,
40837519-d0da-11f0-9ba0-fc3fdb83b633,35adfa2a-d0da-11f0-9ba0-fc3fdb83b633,,,,,,false,,Moderado,,false,
4083ebfb-d0da-11f0-9ba0-fc3fdb83b633,35b6f8dc-d0da-11f0-9ba0-fc3fdb83b633,,,,,,false,,Moderado,,false,
4083f1d1-d0da-11f0-9ba0-fc3fdb83b633,35b73e51-d0da-11f0-9ba0-fc3fdb83b633,,,,,,false,,Rápido,,false,
4083faf2-d0da-11f0-9ba0-fc3fdb83b633,35b7cf28-d0da-11f0-9ba0-fc3fdb83b633,,,,,,false,,Rápido,,false,
4083ffdf-d0da-11f0-9ba0-fc3fdb83b633,35b81741-d0da-11f0-9ba0-fc3fdb83b633,,,,,,false,,Lento,,false,
4084090b-d0da-11f0-9ba0-fc3fdb83b633,35b8b06d-d0da-11f0-9ba0-fc3fdb83b633,,,,,,false,,Lento,,false,
40841218-d0da-11f0-9ba0-fc3fdb83b633,35b93930-d0da-11f0-9ba0-fc3fdb83b633,Filamentosa,,Blanco,,,false,,Rápido,,false,
4084df47-d0da-11f0-9ba0-fc3fdb83b633,35c722c7-d0da-11f0-9ba0-fc3fdb83b633,,,,,,false,,Rápido,,false,
4084e965-d0da-11f0-9ba0-fc3fdb83b633,35c774e1-d0da-11f0-9ba0-fc3fdb83b633,,,,,,false,,Rápido,,false,
4084ee67-d0da-11f0-9ba0-fc3fdb83b633,35c79e8c-d0da-11f0-9ba0-fc3fdb83b633,,,,,,false,,Rápido,,false,
4084f357-d0da-11f0-9ba0-fc3fdb83b633,35c7d4df-d0da-11f0-9ba0-fc3fdb83b633,,,,,,false,,Rápido,,false,
4084f83c-d0da-11f0-9ba0-fc3fdb83b633,35c7fde8-d0da-11f0-9ba0-fc3fdb83b633,,,,,,false,,Lento,,false,
4085a89e-d0da-11f0-9ba0-fc3fdb83b633,35d305d1-d0da-11f0-9ba0-fc3fdb83b633,,,,,,false,,Moderado,,false,
4085d27b-d0da-11f0-9ba0-fc3fdb83b633,35d4b001-d0da-11f0-9ba0-fc3fdb83b633,,,,,,false,,Moderado,,false,
4086820d-d0da-11f0-9ba0-fc3fdb83b633,35dd4dda-d0da-11f0-9ba0-fc3fdb83b633,,,,,,false,,Moderado,,false,
40869135-d0da-11f0-9ba0-fc3fdb83b633,35de1c4d-d0da-11f0-9ba0-fc3fdb83b633,,,,,,false,,Moderado,,false,
40869f0f-d0da-11f0-9ba0-fc3fdb83b633,35def22a-d0da-11f0-9ba0-fc3fdb83b633,,,,,,false,,Moderado,,false,
4086d43b-d0da-11f0-9ba0-fc3fdb83b633,35e22e36-d0da-11f0-9ba0-fc3fdb83b633,,,,,,false,,Lento,,false,
4086f38c-d0da-11f0-9ba0-fc3fdb83b633,35e39d28-d0da-11f0-9ba0-fc3fdb83b633,,,,,,false,,Moderado,,false,
408705b2-d0da-11f0-9ba0-fc3fdb83b633,35e4c734-d0da-11f0-9ba0-fc3fdb83b633,,,,,,false,,Lento,,false,
40870ac3-d0da-11f0-9ba0-fc3fdb83b633,35e50f98-d0da-11f0-9ba0-fc3fdb83b633,,,,,,false,,Lento,,false,
40870fd1-d0da-11f0-9ba0-fc3fdb83b633,35e556c3-d0da-11f0-9ba0-fc3fdb83b633,,,,,,false,,Lento,,false,
40872657-d0da-11f0-9ba0-fc3fdb83b633,35e6baf7-d0da-11f0-9ba0-fc3fdb83b633,,,,,,false,,Lento,,false,
40872ff5-d0da-11f0-9ba0-fc3fdb83b633,35e743f8-d0da-11f0-9ba0-fc3fdb83b633,,,,,,false,,Moderado,,false,
40885e64-d0da-11f0-9ba0-fc3fdb83b633,35f49caf-d0da-11f0-9ba0-fc3fdb83b633,,,,,,false,,Moderado,,false,
408864a0-d0da-11f0-9ba0-fc3fdb83b633,35f4c174-d0da-11f0-9ba0-fc3fdb83b633,,,,,,false,,Moderado,,false,
408b5ecf-d0da-11f0-9ba0-fc3fdb83b633,3627f18b-d0da-11f0-9ba0-fc3fdb83b633,,,,,,false,,Rápido,,false,
408b6553-d0da-11f0-9ba0-fc3fdb83b633,36287d2e-d0da-11f0-9ba0-fc3fdb83b633,Circular,,ranja (16) micelio blanco con tonos rosados,,,false,,Lento,,false,
409121d2-d0da-11f0-9ba0-fc3fdb83b633,36785e98-d0da-11f0-9ba0-fc3fdb83b633,,,,,,false,,Rápido,,false,
4093347b-d0da-11f0-9ba0-fc3fdb83b633,36955556-d0da-11f0-9ba0-fc3fdb83b633,,,,,,false,,Rápido,,false,
40944854-d0da-11f0-9ba0-fc3fdb83b633,36a3b7dd-d0da-11f0-9ba0-fc3fdb83b633,,,,,,false,,Rápido,,false,
40944ee6-d0da-11f0-9ba0-fc3fdb83b633,36a3dd06-d0da-11f0-9ba0-fc3fdb83b633,Filamentosa,,Blanco,,,false,,Rápido,,false,
409457ff-d0da-11f0-9ba0-fc3fdb83b633,36a401c5-d0da-11f0-9ba0-fc3fdb83b633,,,,,,false,,Rápido,,false,
4096dbe3-d0da-11f0-9ba0-fc3fdb83b633,36c6dd57-d0da-11f0-9ba0-fc3fdb83b633,,,,,,false,,Lento,,false,
4097ee4f-d0da-11f0-9ba0-fc3fdb83b633,36dc109a-d0da-11f0-9ba0-fc3fdb83b633,,,Blanco centro crema (92),,,false,,Rápido,,false,
4099f0a2-d0da-11f0-9ba0-fc3fdb83b633,36f37a77-d0da-11f0-9ba0-fc3fdb83b633,,,,,,false,,Moderado,,false,
409c0cbe-d0da-11f0-9ba0-fc3fdb83b633,3715f4cd-d0da-11f0-9ba0-fc3fdb83b633,,,Gris oscuro (83),,,false,,Rápido,,false,
409d1662-d0da-11f0-9ba0-fc3fdb83b633,37266d8d-d0da-11f0-9ba0-fc3fdb83b633,Filamentosa,,Blanco,,,false,,Lento,,false,
409d1a3d-d0da-11f0-9ba0-fc3fdb83b633,3726d196-d0da-11f0-9ba0-fc3fdb83b633,,,,,,false,,Lento,,false,
409d99f9-d0da-11f0-9ba0-fc3fdb83b633,37360cf5-d0da-11f0-9ba0-fc3fdb83b633,,,,,,false,,Lento,,false,
409d9d5e-d0da-11f0-9ba0-fc3fdb83b633,37365a62-d0da-11f0-9ba0-fc3fdb83b633,,,,,,false,,Moderado,,false,
409da057-d0da-11f0-9ba0-fc3fdb83b633,37369fb8-d0da-11f0-9ba0-fc3fdb83b633,,,,,,false,,Moderado,,false,
409da346-d0da-11f0-9ba0-fc3fdb83b633,3736edbf-d0da-11f0-9ba0-fc3fdb83b633,Circular,,Gris (81) tolidad verde claro,,,false,,Rápido,,false,
409da63a-d0da-11f0-9ba0-fc3fdb83b633,37373335-d0da-11f0-9ba0-fc3fdb83b633,,,,,,false,,Lento,,false,
409da92d-d0da-11f0-9ba0-fc3fdb83b633,37377776-d0da-11f0-9ba0-fc3fdb83b633,Circular,,Caf? oliva (129) micelio grisÿceo,,,false,,Lento,,false,
409db120-d0da-11f0-9ba0-fc3fdb83b633,373843b7-d0da-11f0-9ba0-fc3fdb83b633,Circular,,Gris azulado (78) anillo gris (79) borde blanco,,,false,,Moderado,,false,
40a3e7ee-d0da-11f0-9ba0-fc3fdb83b633,37a6bc85-d0da-11f0-9ba0-fc3fdb83b633,,,,,,false,,Lento,,false,
40a3ee6f-d0da-11f0-9ba0-fc3fdb83b633,37a70194-d0da-11f0-9ba0-fc3fdb83b633,,,,,,false,,Moderado,,false,
40a3f171-d0da-11f0-9ba0-fc3fdb83b633,37a7273f-d0da-11f0-9ba0-fc3fdb83b633,,,,,,false,,Lento,,false,
40a3f461-d0da-11f0-9ba0-fc3fdb83b633,37a76362-d0da-11f0-9ba0-fc3fdb83b633,,,,,,false,,Moderado,,false,
40a3f74a-d0da-11f0-9ba0-fc3fdb83b633,37a7a96f-d0da-11f0-9ba0-fc3fdb83b633,,,,,,false,,Moderado,,false,
40a4a92d-d0da-11f0-9ba0-fc3fdb83b633,37b8ffde-d0da-11f0-9ba0-fc3fdb83b633,,,,,,false,,Lento,,false,
40a4af75-d0da-11f0-9ba0-fc3fdb83b633,37b984ed-d0da-11f0-9ba0-fc3fdb83b633,,,,,,false,,Rápido,,false,
40a4b774-d0da-11f0-9ba0-fc3fdb83b633,37ba64c9-d0da-11f0-9ba0-fc3fdb83b633,,,,,,false,,,,false,MICROSCOPIC-ANAMORPHIC
40a4d778-d0da-11f0-9ba0-fc3fdb83b633,37be4924-d0da-11f0-9ba0-fc3fdb83b633,,,,,,false,,,,false,MICROSCOPIC-PICNIDIA
40a4f45e-d0da-11f0-9ba0-fc3fdb83b633,37c18d6f-d0da-11f0-9ba0-fc3fdb83b633,Filamentosa,,Blanco,,,false,,Rápido,,false,
40a4f8fc-d0da-11f0-9ba0-fc3fdb83b633,37c1ee38-d0da-11f0-9ba0-fc3fdb83b633,,,Gris claro (86) borde traslœcido,,,false,,Rápido,,false,
40a51882-d0da-11f0-9ba0-fc3fdb83b633,37c669c6-d0da-11f0-9ba0-fc3fdb83b633,,,,,,false,,,,false,MICROSCOPIC-CONIDIA
40a52e2f-d0da-11f0-9ba0-fc3fdb83b633,37c7a890-d0da-11f0-9ba0-fc3fdb83b633,,,,,,false,,,,false,MICROSCOPIC-CONIDIA
40a5317d-d0da-11f0-9ba0-fc3fdb83b633,37c7cd1e-d0da-11f0-9ba0-fc3fdb83b633,,,,,,false,,,,false,MICROSCOPIC-CONIDIA
40a54597-d0da-11f0-9ba0-fc3fdb83b633,37c9046f-d0da-11f0-9ba0-fc3fdb83b633,Circular,,Gris (86) centro gris oliva (42),,,false,,Rápido,,false,
40a5fa67-d0da-11f0-9ba0-fc3fdb83b633,37dab10d-d0da-11f0-9ba0-fc3fdb83b633,,,,,,false,,Lento,,false,
40a5fdbc-d0da-11f0-9ba0-fc3fdb83b633,37daf530-d0da-11f0-9ba0-fc3fdb83b633,,,,,,false,,Rápido,,false,
40a60a9e-d0da-11f0-9ba0-fc3fdb83b633,37dc5cd2-d0da-11f0-9ba0-fc3fdb83b633,,,,,,false,,Moderado,,false,
40a8c61c-d0da-11f0-9ba0-fc3fdb83b633,37f934fa-d0da-11f0-9ba0-fc3fdb83b633,Circular,,Blanco,,,false,,Lento,,false,
40a8e204-d0da-11f0-9ba0-fc3fdb83b633,37fb5fbb-d0da-11f0-9ba0-fc3fdb83b633,,,,,,false,,Moderado,,false,
40a8ea24-d0da-11f0-9ba0-fc3fdb83b633,37fbd1c3-d0da-11f0-9ba0-fc3fdb83b633,,,,,,false,,Lento,,false,
40a8ef5f-d0da-11f0-9ba0-fc3fdb83b633,37fc2afe-d0da-11f0-9ba0-fc3fdb83b633,,,,,,false,,Rápido,,false,
40a8f38d-d0da-11f0-9ba0-fc3fdb83b633,37fc9d20-d0da-11f0-9ba0-fc3fdb83b633,,,Gris (86) borde blanco algo transparente,,,false,,Rápido,,false,
40a8f5c9-d0da-11f0-9ba0-fc3fdb83b633,37fd133e-d0da-11f0-9ba0-fc3fdb83b633,Circular,,Blanco,,,false,,Rápido,,false,
40a8fb84-d0da-11f0-9ba0-fc3fdb83b633,37fdd6d9-d0da-11f0-9ba0-fc3fdb83b633,Circular,,Gris (85),,,false,,Moderado,,false,
40a932e6-d0da-11f0-9ba0-fc3fdb83b633,3805a6f2-d0da-11f0-9ba0-fc3fdb83b633,,,,,,false,,Lento,,false,
40a95547-d0da-11f0-9ba0-fc3fdb83b633,3809e24a-d0da-11f0-9ba0-fc3fdb83b633,,,,,,false,,,,false,MICROSCOPIC-PICNIDIA
40a970ad-d0da-11f0-9ba0-fc3fdb83b633,380df92d-d0da-11f0-9ba0-fc3fdb83b633,,,,,,false,,Moderado,,false,
40a9a304-d0da-11f0-9ba0-fc3fdb83b633,38123ac6-d0da-11f0-9ba0-fc3fdb83b633,,,,,,false,,Rápido,,false,
40a9b59c-d0da-11f0-9ba0-fc3fdb83b633,38139a8e-d0da-11f0-9ba0-fc3fdb83b633,,,,,,false,,Moderado,,false,
40a9b80d-d0da-11f0-9ba0-fc3fdb83b633,3813dd35-d0da-11f0-9ba0-fc3fdb83b633,,,,,,false,,Moderado,,false,
40a9cf76-d0da-11f0-9ba0-fc3fdb83b633,38176d00-d0da-11f0-9ba0-fc3fdb83b633,Circular,,Salm½n (6) micelio blanco partes grises,,,false,,Moderado,,false,
40a9d1ab-d0da-11f0-9ba0-fc3fdb83b633,381797b4-d0da-11f0-9ba0-fc3fdb83b633,,,,,,false,,Moderado,,false,
40a9fcaa-d0da-11f0-9ba0-fc3fdb83b633,381c98c4-d0da-11f0-9ba0-fc3fdb83b633,,,,,,false,,,,false,MICROSCOPIC-CONIDIA
40aa095f-d0da-11f0-9ba0-fc3fdb83b633,381e5cc8-d0da-11f0-9ba0-fc3fdb83b633,,,,,,false,,,,false,MICROSCOPIC-PICNIDIA
40aa1a2f-d0da-11f0-9ba0-fc3fdb83b633,38204022-d0da-11f0-9ba0-fc3fdb83b633,,,,,,false,,Rápido,,false,
40aa6ce7-d0da-11f0-9ba0-fc3fdb83b633,38236f53-d0da-11f0-9ba0-fc3fdb83b633,,,,,,false,,,,false,MICROSCOPIC-SPORES SEXUAL
40aae07c-d0da-11f0-9ba0-fc3fdb83b633,382aea71-d0da-11f0-9ba0-fc3fdb83b633,,,,,,false,,Rápido,,false,
40aaf5a8-d0da-11f0-9ba0-fc3fdb83b633,382c537d-d0da-11f0-9ba0-fc3fdb83b633,,,,,,false,,,,false,MICROSCOPIC-SPORODOCHIUM
40acf7d9-d0da-11f0-9ba0-fc3fdb83b633,38494228-d0da-11f0-9ba0-fc3fdb83b633,,,,,,false,,,,false,MICROSCOPIC-SPORES SEXUAL
40ad1307-d0da-11f0-9ba0-fc3fdb83b633,384ae439-d0da-11f0-9ba0-fc3fdb83b633,,,,,,false,,Rápido,,false,
40ad1811-d0da-11f0-9ba0-fc3fdb83b633,384b3758-d0da-11f0-9ba0-fc3fdb83b633,,,Blanco tolidad verduzca,,,false,,Rápido,,false,
40ad9257-d0da-11f0-9ba0-fc3fdb83b633,38522dbf-d0da-11f0-9ba0-fc3fdb83b633,Irregular,,Blanco,,,false,,Rápido,,false,
40adc242-d0da-11f0-9ba0-fc3fdb83b633,385477ce-d0da-11f0-9ba0-fc3fdb83b633,,,,,,false,,,,false,MICROSCOPIC-SPORES SEXUAL
40adebfd-d0da-11f0-9ba0-fc3fdb83b633,385676d2-d0da-11f0-9ba0-fc3fdb83b633,,,,,,false,,Rápido,,false,
40adf17c-d0da-11f0-9ba0-fc3fdb83b633,3856bd3b-d0da-11f0-9ba0-fc3fdb83b633,,,Blanco tolidad rosada,,,false,,Rápido,,false,
40ae91e1-d0da-11f0-9ba0-fc3fdb83b633,3860eddd-d0da-11f0-9ba0-fc3fdb83b633,,,,,,false,,Lento,,false,
40aeacd8-d0da-11f0-9ba0-fc3fdb83b633,3862ab10-d0da-11f0-9ba0-fc3fdb83b633,,,,,,false,,Lento,,false,
40aec5e8-d0da-11f0-9ba0-fc3fdb83b633,3864c897-d0da-11f0-9ba0-fc3fdb83b633,,,,,,false,,,,false,MICROSCOPIC-SPORES SEXUAL
40af8147-d0da-11f0-9ba0-fc3fdb83b633,38748908-d0da-11f0-9ba0-fc3fdb83b633,,,,,,false,,Moderado,,false,
40afe939-d0da-11f0-9ba0-fc3fdb83b633,387bb3bf-d0da-11f0-9ba0-fc3fdb83b633,,,,,,false,,,,false,MICROSCOPIC-ANAMORPHIC
40b02ef6-d0da-11f0-9ba0-fc3fdb83b633,38807095-d0da-11f0-9ba0-fc3fdb83b633,,,,,,false,,Rápido,,false,
40b033cd-d0da-11f0-9ba0-fc3fdb83b633,3880c0f6-d0da-11f0-9ba0-fc3fdb83b633,,,,,,false,,Rápido,,false,
40b03881-d0da-11f0-9ba0-fc3fdb83b633,38810931-d0da-11f0-9ba0-fc3fdb83b633,,,,,,false,,Lento,,false,
40b0515f-d0da-11f0-9ba0-fc3fdb83b633,38827296-d0da-11f0-9ba0-fc3fdb83b633,,,,,,false,,Lento,,false,
40b0570e-d0da-11f0-9ba0-fc3fdb83b633,3882bc82-d0da-11f0-9ba0-fc3fdb83b633,,,,,,false,,Moderado,,false,
40b05e83-d0da-11f0-9ba0-fc3fdb83b633,388353ed-d0da-11f0-9ba0-fc3fdb83b633,Circular,,Blanco hueso tolidad rosada (5) en el centro,,,false,,Moderado,,false,
40b0667c-d0da-11f0-9ba0-fc3fdb83b633,38842801-d0da-11f0-9ba0-fc3fdb83b633,,,,,,false,,Moderado,,false,
40b06bce-d0da-11f0-9ba0-fc3fdb83b633,3884afe5-d0da-11f0-9ba0-fc3fdb83b633,,,,,,false,,Rápido,,false,
40b06ea3-d0da-11f0-9ba0-fc3fdb83b633,3884f3c9-d0da-11f0-9ba0-fc3fdb83b633,Circular,,Oliva (30) micelio gris blancuzco,,,false,,Moderado,,false,
40b078b3-d0da-11f0-9ba0-fc3fdb83b633,38862c97-d0da-11f0-9ba0-fc3fdb83b633,Circular,,Blanco grisÿceo,,,false,,Lento,,false,
40b07b8a-d0da-11f0-9ba0-fc3fdb83b633,38867eba-d0da-11f0-9ba0-fc3fdb83b633,,,,,,false,,Rápido,,false,
40b08328-d0da-11f0-9ba0-fc3fdb83b633,388751c1-d0da-11f0-9ba0-fc3fdb83b633,,,,,,false,,Rápido,,false,
40b0ac57-d0da-11f0-9ba0-fc3fdb83b633,388a630b-d0da-11f0-9ba0-fc3fdb83b633,,,,,,false,,Moderado,,false,
40b0af3d-d0da-11f0-9ba0-fc3fdb83b633,388a8796-d0da-11f0-9ba0-fc3fdb83b633,,,,,,false,,Lento,,false,
40b0d859-d0da-11f0-9ba0-fc3fdb83b633,388e2250-d0da-11f0-9ba0-fc3fdb83b633,,,,,,false,,Moderado,,false,
40b0db36-d0da-11f0-9ba0-fc3fdb83b633,388e4ad5-d0da-11f0-9ba0-fc3fdb83b633,,,,,,false,,Moderado,,false,
40b0e077-d0da-11f0-9ba0-fc3fdb83b633,388f10e5-d0da-11f0-9ba0-fc3fdb83b633,,,,,,false,,Moderado,,false,
40b0e350-d0da-11f0-9ba0-fc3fdb83b633,388f727b-d0da-11f0-9ba0-fc3fdb83b633,,,,,,false,,Rápido,,false,
40b0eaed-d0da-11f0-9ba0-fc3fdb83b633,389023cd-d0da-11f0-9ba0-fc3fdb83b633,,,,,,false,,Rápido,,false,
40b0edc3-d0da-11f0-9ba0-fc3fdb83b633,38904d87-d0da-11f0-9ba0-fc3fdb83b633,,,,,,false,,Lento,,false,
40b0f09b-d0da-11f0-9ba0-fc3fdb83b633,38907608-d0da-11f0-9ba0-fc3fdb83b633,,,,,,false,,Moderado,,false,
40b0f372-d0da-11f0-9ba0-fc3fdb83b633,38909e7a-d0da-11f0-9ba0-fc3fdb83b633,,,Crema (92) micelio blancuzco,,,false,,Lento,,false,
40b0f8b0-d0da-11f0-9ba0-fc3fdb83b633,3890ef49-d0da-11f0-9ba0-fc3fdb83b633,Filamentosa,,Blanco,,,false,,Rápido,,false,
40b0fb8b-d0da-11f0-9ba0-fc3fdb83b633,38911754-d0da-11f0-9ba0-fc3fdb83b633,,,,,,false,,Lento,,false,
40b0fe61-d0da-11f0-9ba0-fc3fdb83b633,38913fa2-d0da-11f0-9ba0-fc3fdb83b633,,,,,,false,,Moderado,,false,
40b1012d-d0da-11f0-9ba0-fc3fdb83b633,38916fd4-d0da-11f0-9ba0-fc3fdb83b633,,,,,,false,,Moderado,,false,
40b10401-d0da-11f0-9ba0-fc3fdb83b633,38919f9c-d0da-11f0-9ba0-fc3fdb83b633,,,,,,false,,Moderado,,false,
40b106dc-d0da-11f0-9ba0-fc3fdb83b633,3891c553-d0da-11f0-9ba0-fc3fdb83b633,,,,,,false,,Moderado,,false,
40b15218-d0da-11f0-9ba0-fc3fdb83b633,3893dc99-d0da-11f0-9ba0-fc3fdb83b633,,,,,,false,,Lento,,false,
40b15a47-d0da-11f0-9ba0-fc3fdb83b633,3894238a-d0da-11f0-9ba0-fc3fdb83b633,,,,,,false,,Moderado,,false,
40b1637d-d0da-11f0-9ba0-fc3fdb83b633,38946a11-d0da-11f0-9ba0-fc3fdb83b633,Circular,,Blanco,,,false,,Rápido,,false,
40b17e90-d0da-11f0-9ba0-fc3fdb83b633,389631f6-d0da-11f0-9ba0-fc3fdb83b633,,,,,,false,,Rápido,,false,
40b18805-d0da-11f0-9ba0-fc3fdb83b633,38969f71-d0da-11f0-9ba0-fc3fdb83b633,,,,,,false,,Moderado,,false,
40b18d15-d0da-11f0-9ba0-fc3fdb83b633,3896c42f-d0da-11f0-9ba0-fc3fdb83b633,,,,,,false,,Moderado,,false,
40b19216-d0da-11f0-9ba0-fc3fdb83b633,3896e8ed-d0da-11f0-9ba0-fc3fdb83b633,,,,,,false,,Moderado,,false,
40b19c58-d0da-11f0-9ba0-fc3fdb83b633,38973272-d0da-11f0-9ba0-fc3fdb83b633,,,,,,false,,Rápido,,false,
40b1a5ac-d0da-11f0-9ba0-fc3fdb83b633,38979391-d0da-11f0-9ba0-fc3fdb83b633,,,,,,false,,Moderado,,false,
40b1af06-d0da-11f0-9ba0-fc3fdb83b633,38982854-d0da-11f0-9ba0-fc3fdb83b633,Irregular,,Blanco tolidad grisÿcea,,,false,,Moderado,,false,
40b1b416-d0da-11f0-9ba0-fc3fdb83b633,38986e57-d0da-11f0-9ba0-fc3fdb83b633,,,,,,false,,Rápido,,false,
40b1c1a3-d0da-11f0-9ba0-fc3fdb83b633,38993e5a-d0da-11f0-9ba0-fc3fdb83b633,,,,,,false,,Moderado,,false,
40b1c6b5-d0da-11f0-9ba0-fc3fdb83b633,389963a6-d0da-11f0-9ba0-fc3fdb83b633,,,,,,false,,Moderado,,false,
40b1d004-d0da-11f0-9ba0-fc3fdb83b633,3899ad8c-d0da-11f0-9ba0-fc3fdb83b633,,,,,,false,,Rápido,,false,
40b1d505-d0da-11f0-9ba0-fc3fdb83b633,3899d1a7-d0da-11f0-9ba0-fc3fdb83b633,,,,,,false,,Rápido,,false,
40b1de4e-d0da-11f0-9ba0-fc3fdb83b633,389a49da-d0da-11f0-9ba0-fc3fdb83b633,,,,,,false,,Lento,,false,
40b1f8b5-d0da-11f0-9ba0-fc3fdb83b633,389b64ad-d0da-11f0-9ba0-fc3fdb83b633,Circular,,Blanco,,,false,,Rápido,,false,
40b2066f-d0da-11f0-9ba0-fc3fdb83b633,389bd2b4-d0da-11f0-9ba0-fc3fdb83b633,,,,,,false,,Lento,,false,
40b20fb5-d0da-11f0-9ba0-fc3fdb83b633,389c203c-d0da-11f0-9ba0-fc3fdb83b633,,,,,,false,,Lento,,false,
40b23fc5-d0da-11f0-9ba0-fc3fdb83b633,389ef7d8-d0da-11f0-9ba0-fc3fdb83b633,,,,,,false,,Lento,,false,
40b2619e-d0da-11f0-9ba0-fc3fdb83b633,38a048d9-d0da-11f0-9ba0-fc3fdb83b633,Circular,,Gris (84) borde mÿs oscuro,,,false,,Lento,,false,
40b26a8a-d0da-11f0-9ba0-fc3fdb83b633,38a091b1-d0da-11f0-9ba0-fc3fdb83b633,,,,,,false,,Moderado,,false,
40b28492-d0da-11f0-9ba0-fc3fdb83b633,38a21b09-d0da-11f0-9ba0-fc3fdb83b633,,,,,,false,,Moderado,,false,
40b2918c-d0da-11f0-9ba0-fc3fdb83b633,38a31703-d0da-11f0-9ba0-fc3fdb83b633,,,,,,false,,Moderado,,false,
40b2a3a1-d0da-11f0-9ba0-fc3fdb83b633,38a42fff-d0da-11f0-9ba0-fc3fdb83b633,,,,,,false,,Rápido,,false,
40b2a85a-d0da-11f0-9ba0-fc3fdb83b633,38a47823-d0da-11f0-9ba0-fc3fdb83b633,,,,,,false,,Lento,,false,
40b2ad22-d0da-11f0-9ba0-fc3fdb83b633,38a4bf00-d0da-11f0-9ba0-fc3fdb83b633,Circular,,Gris claro (85) centro oscuro (82),,,false,,Lento,,false,
40b2b6aa-d0da-11f0-9ba0-fc3fdb83b633,38a555b3-d0da-11f0-9ba0-fc3fdb83b633,,,,,,false,,Moderado,,false,
40b2bb62-d0da-11f0-9ba0-fc3fdb83b633,38a59ae5-d0da-11f0-9ba0-fc3fdb83b633,,,,,,false,,Moderado,,false,