id,Nombre,EsAreaProtegida,NombreAreaProtegida,ReferenciasAdicionales
3190bf06-d0da-11f0-9ba0-fc3fdb83b633,,false,,
3190c1b7-d0da-11f0-9ba0-fc3fdb83b633,,true,carara,Sobre el sendero Quebrada Bonita. Antes del puente de metal
3190c323-d0da-11f0-9ba0-fc3fdb83b633,2 km después de la entrada al sendero La Montura. Ruta a Guápiles,true,PN. Braulio Carrillo,
3190c382-d0da-11f0-9ba0-fc3fdb83b633,A la mitad de la ladera del cerro junto al río Zurquí,true,PN. Braulio Carrillo,
3190c3d6-d0da-11f0-9ba0-fc3fdb83b633,A orillas de un brazo del río Costa Rica. Cerca de la entrada,true,Reserva Biológica Bosque Lluvioso,
3190c41c-d0da-11f0-9ba0-fc3fdb83b633,Alrededores de la entrada del sendero La Botella,true,PN. Braulio Carrillo,
3190c459-d0da-11f0-9ba0-fc3fdb83b633,Alrededores de la entrada del sendero La Montura,true,PN. Braulio Carrillo,
3190c495-d0da-11f0-9ba0-fc3fdb83b633,Alrededores de las casas,true,Reserva Biológica Bosque Lluvioso,
3190c4d8-d0da-11f0-9ba0-fc3fdb83b633,Alrededores de las instalaciones,true,Reserva Biológica Bosque Lluvioso,
3190c513-d0da-11f0-9ba0-fc3fdb83b633,Alrededores de los senderos,true,Area no Protegida,
3190c550-d0da-11f0-9ba0-fc3fdb83b633,Alrededores del área de acampar y plaza,true,RF Grecia,
3190c58b-d0da-11f0-9ba0-fc3fdb83b633,Alrededores del cráter principal,true,PN Volcán Irazu,
3190c5ca-d0da-11f0-9ba0-fc3fdb83b633,Alrededores del portón de entrada al parque. Primeros 100 m.,true,PN Volcán Poás,
3190c606-d0da-11f0-9ba0-fc3fdb83b633,Antigua lechería,true,RB Cerro las Vueltas,
3190c644-d0da-11f0-9ba0-fc3fdb83b633,Área en regeneración. 500 m. antes de la casetilla de cobro.,true,PN Volcán Poás,
3190c67e-d0da-11f0-9ba0-fc3fdb83b633,Bajo de la Hondura. Parte alta al inicio de la entrada,true,PN. Braulio Carrillo,
3190c6bd-d0da-11f0-9ba0-fc3fdb83b633,Borde de bosque al costado oeste de las instalaciones,true,Reserva Biológica Bosque Lluvioso,
3190c6fa-d0da-11f0-9ba0-fc3fdb83b633,Borde de bosque y pastizal al  oeste de las instalaciones,true,Reserva Biológica Bosque Lluvioso,
3190c737-d0da-11f0-9ba0-fc3fdb83b633,"Carretera a Guápiles. 1,5 km antes de la entrada al sendero La Botella",true,PN. Braulio Carrillo,
3190c773-d0da-11f0-9ba0-fc3fdb83b633,Cerca de la entrada al mirador de Playa Naranjo,true,PN Santa Rosa,
3190c7af-d0da-11f0-9ba0-fc3fdb83b633,Cerca de la entrada la mirador de Playa Naranjo,true,PN Santa Rosa,
3190c7e9-d0da-11f0-9ba0-fc3fdb83b633,Cerro Porfia,true,PN Volcán Turrialba,
3190c872-d0da-11f0-9ba0-fc3fdb83b633,Cima del Volcán Cacao,true,PN Guanacaste,
3190c8bc-d0da-11f0-9ba0-fc3fdb83b633,El Ceibo. Hacia el sendero Altitudinal,true,PN. Braulio Carrillo,
3190c8fc-d0da-11f0-9ba0-fc3fdb83b633,El Ceibo. Orillas del río Peje,true,PN. Braulio Carrillo,
3190c93a-d0da-11f0-9ba0-fc3fdb83b633,El Relleno. A orilla de calle junto a la entrada al sendero.,true,PN. Braulio Carrillo,
3190c976-d0da-11f0-9ba0-fc3fdb83b633,El Relleno. Subiendo hacia la estación meteorológica.,true,PN. Braulio Carrillo,
3190c9bc-d0da-11f0-9ba0-fc3fdb83b633,Entrando al mirador en el cruce entre senderos Lomas y Frutales,true,Reserva Biológica Bosque Lluvioso,
3190ca02-d0da-11f0-9ba0-fc3fdb83b633,Estación Barva. 100 m antes de la nueva estación,true,PN. Braulio Carrillo,
3190ca3e-d0da-11f0-9ba0-fc3fdb83b633,Estación Barva. Alrededor del mirador de la laguna Barva.,true,PN. Braulio Carrillo,
3190ca79-d0da-11f0-9ba0-fc3fdb83b633,Estación Barva. Alrededores de la laguna Copey,true,PN. Braulio Carrillo,
3190cabb-d0da-11f0-9ba0-fc3fdb83b633,Estación Barva. Entrada al Mirador Vara Blanca,true,PN. Braulio Carrillo,
3190cafb-d0da-11f0-9ba0-fc3fdb83b633,Estación Barva. Entrando al mirador Vara Blanca. Primeros 100 metros.,true,PN. Braulio Carrillo,
3190cb3d-d0da-11f0-9ba0-fc3fdb83b633,Estación Barva. Sendero a la laguna Barva. 200 m antes del cruce con el sendero a la laguna Copey,true,PN. Braulio Carrillo,
3190cb7b-d0da-11f0-9ba0-fc3fdb83b633,Estero Cuchillo,true,PN Palo Verde,
3190cbb6-d0da-11f0-9ba0-fc3fdb83b633,Inicio del sendero a la laguna Botos,true,PN Volcán Poás,
3190cbf0-d0da-11f0-9ba0-fc3fdb83b633,Isla San José. Área de acampar,true,PN Santa Rosa,
3190cc2a-d0da-11f0-9ba0-fc3fdb83b633,La Ventana. Alrededores,true,PN. Braulio Carrillo,
3190cc63-d0da-11f0-9ba0-fc3fdb83b633,Laguna,true,Area no protegida,
3190cc9e-d0da-11f0-9ba0-fc3fdb83b633,Laguna Copey,true,PN. Braulio Carrillo,
3190ccda-d0da-11f0-9ba0-fc3fdb83b633,Límite norte. Entrando por Colonia Cubujuquí,true,PN. Braulio Carrillo,
3190cd14-d0da-11f0-9ba0-fc3fdb83b633,Límite sur. Camino a Cerro Zurquí,true,PN. Braulio Carrillo,
3190cd50-d0da-11f0-9ba0-fc3fdb83b633,Límite trasero,true,Reserva Biológica Bosque Lluvioso,
3190cd8c-d0da-11f0-9ba0-fc3fdb83b633,Los Naranjos. Al inicio del bosque entrando por la finca ganadera,true,Finca del Estado Los Naranjos,
3190cdca-d0da-11f0-9ba0-fc3fdb83b633,Magsasay limite con el Río Peje. Del cruce sobre el río 100 m aguas abajo.,true,PN. Braulio Carrillo,
3190ce0b-d0da-11f0-9ba0-fc3fdb83b633,"Magsasay limite con el Río Peje. Del cruce sobre el río 250 m aguas abajo, en brzo seco del río.",true,PN. Braulio Carrillo,
3190ce49-d0da-11f0-9ba0-fc3fdb83b633,"Magsasay, Transecto altitudinal a unos 5 km del Puesto de Magsasay",true,PN. Braulio Carrillo,
3190ce86-d0da-11f0-9ba0-fc3fdb83b633,Magsasay. El cruce del Río Peje 300 - 400 m por el transecto altitudinal.,true,PN. Braulio Carrillo,
3190cec4-d0da-11f0-9ba0-fc3fdb83b633,"Magsasay. El cruce del Río Peje 800 - 900 m por el transecto altitudinal, cruce a la Selva.",true,PN. Braulio Carrillo,
3190cf01-d0da-11f0-9ba0-fc3fdb83b633,Magsasay. Transecto dirección a la Selva 400 - 500 m del cruce.,true,PN. Braulio Carrillo,
3190cf3a-d0da-11f0-9ba0-fc3fdb83b633,Manzanillo. Hacia la punta.,true,RVS Gandoca Manzanillo,
3190cf74-d0da-11f0-9ba0-fc3fdb83b633,Naranjo. Empezando el manglar,true,PN Santa Rosa,
3190cfb0-d0da-11f0-9ba0-fc3fdb83b633,Naranjo. Laguna Limbo,true,PN Santa Rosa,
3190cfeb-d0da-11f0-9ba0-fc3fdb83b633,Naranjo. Sendero Carbonal,true,PN Santa Rosa,
3190d027-d0da-11f0-9ba0-fc3fdb83b633,Orillas del río Achiote. Entrando por el sendero de la toma de agua,true,RF Grecia,
3190d060-d0da-11f0-9ba0-fc3fdb83b633,Orillas del río Agua Caliente,true,PN Volcán Arenal,
3190d09d-d0da-11f0-9ba0-fc3fdb83b633,Pailas. Sendero a la toma de agua,true,PN Rincón de la Vieja,
3190d0d5-d0da-11f0-9ba0-fc3fdb83b633,Prusia. Farallones,true,PN Volcán Irazu,
3190d111-d0da-11f0-9ba0-fc3fdb83b633,Puerto Vargas. 200 m después de la casetilla de ingreso,true,PN Cahuita,
3190d14d-d0da-11f0-9ba0-fc3fdb83b633,"PUNTARENAS, GARABITO",true,PN Santa Rosa,
3190d18b-d0da-11f0-9ba0-fc3fdb83b633,"PUNTARENAS, GARABITO",true,PN. Carara,A ORILLAS DEL SENDERO A COOPECARARA. EN EL PRIMER KILÓMETRO
3190d1ca-d0da-11f0-9ba0-fc3fdb83b633,"PUNTARENAS, GARABITO",true,PN. Carara,ALREDEDORES DE LA ESTACIÓN DE GUARDAPARQUES
3190d205-d0da-11f0-9ba0-fc3fdb83b633,"PUNTARENAS, GARABITO",true,PN. Carara,ALREDEDORES DE LAS INSTALACIONES DE GUARDAPARQUES
3190d23e-d0da-11f0-9ba0-fc3fdb83b633,"PUNTARENAS, GARABITO",true,PN. Carara,ALREDEDORES DEL SENDERO PARA DISCAPACITADOS
3190d27e-d0da-11f0-9ba0-fc3fdb83b633,"PUNTARENAS, GARABITO",true,PN. Carara,"ALREDEDORES DEL SENDERO PARA DISCAPACITADOS, TOMANDO EL SENDERO A QUEBRADA BONITA"
3190d2ba-d0da-11f0-9ba0-fc3fdb83b633,"PUNTARENAS, GARABITO",true,PN. Carara,Alrededores del Sendero Universal
3190d2f4-d0da-11f0-9ba0-fc3fdb83b633,"PUNTARENAS, GARABITO",true,PN. Carara,CERCA DEL SENDERO A LA DERECHA DE LA LAGUNA MEÁNDRICA
3190d32d-d0da-11f0-9ba0-fc3fdb83b633,"PUNTARENAS, GARABITO",true,PN. Carara,CRUCE DEL CAMINO A COOPECARARA CON EL RÍO CARARA
3190d368-d0da-11f0-9ba0-fc3fdb83b633,"PUNTARENAS, GARABITO",true,PN. Carara,EN LA ENTRADA DEL ANTIGUO PUESTO DE CARARA.
3190d3a6-d0da-11f0-9ba0-fc3fdb83b633,"PUNTARENAS, GARABITO",true,PN. Carara,INICIANDO EL SENDERO HACIA COOPECARARA. EN EL LÍMITE DEL PARQUE
3190d3e2-d0da-11f0-9ba0-fc3fdb83b633,"PUNTARENAS, GARABITO",true,PN. Carara,Junto a la estacion
3190d420-d0da-11f0-9ba0-fc3fdb83b633,"San Rafael de Vara Blanca, cima del Cerro Marías. Siguiendo el transecto altutudinal.",true,PN. Braulio Carrillo,
3190d45d-d0da-11f0-9ba0-fc3fdb83b633,Sector Agua Fría. Junto al límite hacia el noroeste,true,PN Tortuguero,
3190d498-d0da-11f0-9ba0-fc3fdb83b633,Sector Alto Masís. Al inicio del bosque por el sendero principal,true,PN Tenorio,
3190d4d4-d0da-11f0-9ba0-fc3fdb83b633,Sector Alto Masís. Ruta hacia Bajo los Cartagos,true,PN Tenorio,
3190d510-d0da-11f0-9ba0-fc3fdb83b633,Sector Barva. Entrando por San Rafael de Vara Blanca,true,PN. Braulio Carrillo,
3190d54e-d0da-11f0-9ba0-fc3fdb83b633,Sector Barva. Entrando por Vara Blanca. Iniciando el sendero,true,PN. Braulio Carrillo,
3190d589-d0da-11f0-9ba0-fc3fdb83b633,Sector Cabuya. Inicio de los senderos turísticos,true,RNA Cabo Blanco,
3190d5c2-d0da-11f0-9ba0-fc3fdb83b633,Sector Cabuya. Sendero a la administración,true,RNA Cabo Blanco,
3190d5fc-d0da-11f0-9ba0-fc3fdb83b633,Sector Cabuya. Sendero Danés,true,RNA Cabo Blanco,
3190d639-d0da-11f0-9ba0-fc3fdb83b633,Sector Cacao.  1 km después del cruce Góngora,true,PN Guanacaste,
3190d672-d0da-11f0-9ba0-fc3fdb83b633,Sector Cacao. 500 m antes de la estación,true,PN Guanacaste,
3190d6ac-d0da-11f0-9ba0-fc3fdb83b633,Sector Cacao. Cruce del puesto Góngora,true,PN Guanacaste,
3190d6e7-d0da-11f0-9ba0-fc3fdb83b633,Sector Manzanillo. Sobre la playa al inicio del sendero.,true,RVS Gandoca Manzanillo,
3190d725-d0da-11f0-9ba0-fc3fdb83b633,Sector Maritza. 400 m después del paso del Río Tempisquito. Sendero hacia Cacao,true,PN Guanacaste,
3190d760-d0da-11f0-9ba0-fc3fdb83b633,Sector Maritza. Junto a la antigua casa de guardaparques,true,PN Guanacaste,
3190d79a-d0da-11f0-9ba0-fc3fdb83b633,Sector Murciélago. Bahía El Hachal,true,PN Santa Rosa,
3190d7d5-d0da-11f0-9ba0-fc3fdb83b633,Sector Murciélago. Bahía Santa Elena,true,PN Santa Rosa,
3190d810-d0da-11f0-9ba0-fc3fdb83b633,Sector Murciélago. Playa Blanca,true,PN Santa Rosa,
3190d84d-d0da-11f0-9ba0-fc3fdb83b633,Sector Pailas. A la izquierda de la estación. Al lado derecho del sendero,true,PN Rincón de la Vieja,
3190d88a-d0da-11f0-9ba0-fc3fdb83b633,Sector Pailas. A la izquierda de la estación. En borde de acantilado junto al río,true,PN Rincón de la Vieja,
3190d8c6-d0da-11f0-9ba0-fc3fdb83b633,Sector Pailas. A la izquierda de la estación. En potreros aledaños,true,PN Rincón de la Vieja,
3190d902-d0da-11f0-9ba0-fc3fdb83b633,Sector Pilón. Entrando por la desviación del sendero a la izquierda.,true,PN Tenorio,
3190d93c-d0da-11f0-9ba0-fc3fdb83b633,Sector Pilón. Entre la Laguna Azul y los teñideros,true,PN Tenorio,
3190d976-d0da-11f0-9ba0-fc3fdb83b633,Sector Santa María. Alrededores de la Estación,true,PN Rincón de la Vieja,
3190d9b1-d0da-11f0-9ba0-fc3fdb83b633,Sector Santa María. Sendero al mirador,true,PN Rincón de la Vieja,
3190d9eb-d0da-11f0-9ba0-fc3fdb83b633,Sector Santa María. Sendero Colibrí,true,PN Rincón de la Vieja,
3190da26-d0da-11f0-9ba0-fc3fdb83b633,Sector Zurquí. 200 m antes del túnel,true,PN. Braulio Carrillo,
3190da60-d0da-11f0-9ba0-fc3fdb83b633,Sector Zurquí. Subiendo al cerro frente a la estación,true,PN. Braulio Carrillo,
3190da9a-d0da-11f0-9ba0-fc3fdb83b633,Sendero a la derecha,true,Reserva Biológica Bosque Lluvioso,
3190dad8-d0da-11f0-9ba0-fc3fdb83b633,Sendero a la derecha de las instalaciones,true,Reserva Biológica Bosque Lluvioso,
3190db14-d0da-11f0-9ba0-fc3fdb83b633,Sendero a la derecha de las instalaciones. A unos 2 Km del inicio,true,Reserva Biológica Bosque Lluvioso,
3190db4f-d0da-11f0-9ba0-fc3fdb83b633,Sendero a la derecha en la antigua cancha de football,true,Reserva Biológica Bosque Lluvioso,
3190db8a-d0da-11f0-9ba0-fc3fdb83b633,Sendero a la derecha en la cima de la loma,true,Reserva Biológica Bosque Lluvioso,
3190dbc4-d0da-11f0-9ba0-fc3fdb83b633,Sendero a la izquierda de las instalaciones,true,Reserva Biológica Bosque Lluvioso,
3190dbff-d0da-11f0-9ba0-fc3fdb83b633,Sendero a Pico Blanco. Antes de las plantaciones,true,ZP Cerros de Escazu,
3190dc3a-d0da-11f0-9ba0-fc3fdb83b633,Sendero a Pico Blanco. Después de las plantaciones,true,ZP Cerros de Escazu,
3190dc74-d0da-11f0-9ba0-fc3fdb83b633,Sendero altitudinal entre el Ceibo y Magssasay.,true,PN. Braulio Carrillo,
3190dcae-d0da-11f0-9ba0-fc3fdb83b633,Sendero Atlántico,true,PN Volcán Irazu,
3190dce7-d0da-11f0-9ba0-fc3fdb83b633,Sendero Botarrama,true,PN. Braulio Carrillo,
3190dd21-d0da-11f0-9ba0-fc3fdb83b633,Sendero cercano a la laguna,true,Area no protegida,
3190dd5a-d0da-11f0-9ba0-fc3fdb83b633,Sendero detrás de La Casona,true,PN Santa Rosa,
3190dd95-d0da-11f0-9ba0-fc3fdb83b633,Sendero El Ceibo,true,Reserva Biológica Bosque Lluvioso,
3190ddd0-d0da-11f0-9ba0-fc3fdb83b633,Sendero El CeiboSendero El Ceibo,true,Reserva Biológica Bosque Lluvioso,
3190de0a-d0da-11f0-9ba0-fc3fdb83b633,Sendero en Bosque Húmedo,true,PN Santa Rosa,
3190de42-d0da-11f0-9ba0-fc3fdb83b633,Sendero Guayacán,true,PN Palo Verde,
3190de81-d0da-11f0-9ba0-fc3fdb83b633,Sendero Las Aves,true,Reserva Biológica Bosque Lluvioso,
3190debc-d0da-11f0-9ba0-fc3fdb83b633,Sendero Las Aves. Inicio del bosque despues de campo de cultivos,true,Reserva Biológica Bosque Lluvioso,
3190def7-d0da-11f0-9ba0-fc3fdb83b633,Sendero Las Frutas,true,Reserva Biológica Bosque Lluvioso,
3190df31-d0da-11f0-9ba0-fc3fdb83b633,Sendero Los Gigantes,true,Reserva Biológica Bosque Lluvioso,
3190df6e-d0da-11f0-9ba0-fc3fdb83b633,Sendero Los Helechos. Primera mitad,true,Reserva Biológica Bosque Lluvioso,
3190e483-d0da-11f0-9ba0-fc3fdb83b633,Sendero Los Helechos. Segunda mitad,true,Reserva Biológica Bosque Lluvioso,
3190e4f1-d0da-11f0-9ba0-fc3fdb83b633,Sendero Los Pilones. Primeros 400 metros,true,PN Tortuguero,
3190e546-d0da-11f0-9ba0-fc3fdb83b633,Sendero Los Pilones. Últimos 500 metros,true,PN Volcán Arenal,
3190e59e-d0da-11f0-9ba0-fc3fdb83b633,Sendero Mirador Caribe. Madriguera de coyotes,true,PN Volcán Turrialba,
3190e5e0-d0da-11f0-9ba0-fc3fdb83b633,Sendero para discapacitados,true,PN. Carara,Sendero para discapacitados
3190e62e-d0da-11f0-9ba0-fc3fdb83b633,"Sendero Quebrada Bonita. Inmediatamente después del puente metálico, sendero a la derecha",true,PN. Carara,"SENDERO QUEBRADA BONITA. INMEDIATAMENTE DESPUÉS DEL PUENTE METÁLICO, SENDERO A LA DERECHA"
3190e673-d0da-11f0-9ba0-fc3fdb83b633,Sobre el camino que va a Coopecarara.,true,PN. Carara,SOBRE EL CAMINO QUE VA A COOPECARARA.
3190e6b8-d0da-11f0-9ba0-fc3fdb83b633,Sobre el camino que va a Coopecarara. 200 m antes del cruce con el río Carara.,true,PN. Carara,SOBRE EL CAMINO QUE VA A COOPECARARA. 200 M ANTES DEL CRUCE CON EL RÍO CARARA.
3190e6ff-d0da-11f0-9ba0-fc3fdb83b633,Sobre el camino que va a Coopecarara. 200 m antes del cruce con el río Carara.,true,PN. Carara,SOBRE EL CAMINO QUE VA A COOPECARARA. 300 M ANTES DEL CRUCE CON EL RÍO CARARA.
3190e742-d0da-11f0-9ba0-fc3fdb83b633,Sobre el camino que va a Coopecarara. 300 m antes del cruce con el río Carara.,true,PN. Carara,SOBRE EL CAMINO QUE VA A COOPECARARA. 300 M ANTES DEL CRUCE CON EL RÍO CARARA.
3190e785-d0da-11f0-9ba0-fc3fdb83b633,Sobre el camino que va a Coopecarara. 400 m antes del cruce con el río Carara.,true,PN. Carara,SOBRE EL CAMINO QUE VA A COOPECARARA. 400 M ANTES DEL CRUCE CON EL RÍO CARARA.
3190e7c6-d0da-11f0-9ba0-fc3fdb83b633,Sobre el límite sur hacia el oeste,true,PN. Braulio Carrillo,
3190e805-d0da-11f0-9ba0-fc3fdb83b633,Sobre el sendero Aráceas,true,PN. Carara,EN LA ENTRADA DEL ANTIGUO PUESTO DE CARARA.
3190e845-d0da-11f0-9ba0-fc3fdb83b633,Sobre el sendero Aráceas,true,PN. Carara,SOBRE EL SENDERO ARÁCEAS
3190e884-d0da-11f0-9ba0-fc3fdb83b633,Sobre el sendero Aráceas,true,PN. Carara,Sobre el sendero Arÿceas
3190e8c6-d0da-11f0-9ba0-fc3fdb83b633,Sobre el sendero cerca de Laguna Meándrica,true,PN. Carara,SOBRE EL SENDERO CERCA DE LAGUNA MEÁNDRICA
3190e906-d0da-11f0-9ba0-fc3fdb83b633,Sobre el sendero Quebrada Bonita. Antes del puente de metal,true,PN. Carara,SOBRE EL SENDERO QUEBRADA BONITA. ANTES DEL PUENTE DE METAL
3190e946-d0da-11f0-9ba0-fc3fdb83b633,Transecto La Selva-Barva. San Rafael de Vara Blanca.,true,PN. Braulio Carrillo,